sample_index,timestamp,sensor_id,sensor_type,raw_value,reference_value,condition,gain,offset,drift_event
6,2026-09-22 00:30:00,C02,CO2,561.772,557.61,healthy,0.99494,5.01901,0
63,2026-09-22 05:15:00,H01,Humidity,50.61,49.613,healthy,1.01022,0.48954,0
24,2026-09-22 02:00:00,C01,CO2,693.631,681.814,healthy,1.01255,4.99502,0
156,2026-09-22 13:00:00,T02,Temperature,27.688,23.202,unhealthy,1.18362,0.21112,0
30,2026-09-22 02:30:00,H02,Humidity,42.697,42.198,healthy,0.99545,0.47366,0
2,2026-09-22 00:10:00,H02,Humidity,50.636,50.405,healthy,0.99619,0.50405,0
167,2026-09-22 13:55:00,T01,Temperature,22.916,22.884,healthy,0.99327,0.20402,0
184,2026-09-22 15:20:00,H02,Humidity,68.632,55.43,unhealthy,1.22901,0.44903,0
27,2026-09-22 02:15:00,H02,Humidity,42.791,42.311,healthy,0.99558,0.50719,0
119,2026-09-22 09:55:00,T02,Temperature,27.821,26.152,warning,1.05615,0.21965,0
5,2026-09-22 00:25:00,H02,Humidity,48.637,48.61,healthy,0.99242,0.50689,0
169,2026-09-22 14:05:00,T02,Temperature,29.571,23.952,unhealthy,1.22537,0.2018,0
54,2026-09-22 04:30:00,C02,CO2,525.743,517.892,healthy,1.00344,4.76993,0
178,2026-09-22 14:50:00,H01,Humidity,57.771,56.639,healthy,1.01113,0.50718,0
145,2026-09-22 12:05:00,C01,CO2,716.8,709.071,healthy,1.00375,4.73684,0
104,2026-09-22 08:40:00,T02,Temperature,29.474,26.982,warning,1.0856,0.19244,0
59,2026-09-22 04:55:00,H02,Humidity,53.942,53.474,healthy,0.99826,0.47498,0
145,2026-09-22 12:05:00,H02,Humidity,59.301,49.42,unhealthy,1.18866,0.52709,0
30,2026-09-22 02:30:00,H01,Humidity,45.352,44.696,healthy,0.99731,0.49244,0
53,2026-09-22 04:25:00,T01,Temperature,24.428,24.379,healthy,0.99355,0.20044,0
181,2026-09-22 15:05:00,H01,Humidity,58.663,58.117,healthy,1.00104,0.50661,0
95,2026-09-22 07:55:00,C01,CO2,810.37,794.745,healthy,1.01066,5.18952,0
101,2026-09-22 08:25:00,T02,Temperature,28.957,26.703,warning,1.07568,0.19515,0
36,2026-09-22 03:00:00,C01,CO2,808.009,799.179,healthy,1.00242,4.8585,0
107,2026-09-22 08:55:00,H02,Humidity,49.108,46.258,warning,1.04689,0.4827,0
12,2026-09-22 01:00:00,H02,Humidity,45.565,45.705,healthy,0.99138,0.47031,0
77,2026-09-22 06:25:00,C02,CO2,760.15,713.634,warning,1.05693,4.6879,0
47,2026-09-22 03:55:00,H02,Humidity,48.822,48.268,healthy,1.00658,0.47844,0
63,2026-09-22 05:15:00,T01,Temperature,23.528,23.324,healthy,1.0005,0.18859,0
104,2026-09-22 08:40:00,C01,CO2,768.565,759.196,healthy,1.00566,5.00778,0
123,2026-09-22 10:15:00,C01,CO2,526.135,521.973,healthy,1.00001,4.95682,0
54,2026-09-22 04:30:00,H02,Humidity,53.677,52.607,healthy,1.00957,0.48704,0
154,2026-09-22 12:50:00,H02,Humidity,64.878,54.379,unhealthy,1.18595,0.55099,0
153,2026-09-22 12:45:00,T01,Temperature,24.116,23.889,healthy,0.9992,0.20436,0
23,2026-09-22 01:55:00,T02,Temperature,26.274,26.193,healthy,0.99555,0.20271,0
126,2026-09-22 10:30:00,C01,CO2,487.101,485.404,healthy,0.99599,5.23688,0
167,2026-09-22 13:55:00,H02,Humidity,67.347,57.223,unhealthy,1.16727,0.51426,0
7,2026-09-22 00:35:00,T02,Temperature,27.247,26.893,healthy,1.00529,0.18895,0
56,2026-09-22 04:40:00,H02,Humidity,52.33,51.883,healthy,1.00203,0.52181,0
34,2026-09-22 02:50:00,H01,Humidity,43.506,43.185,healthy,0.99813,0.51777,0
5,2026-09-22 00:25:00,C02,CO2,554.849,553.398,healthy,0.99368,5.17659,0
2,2026-09-22 00:10:00,T01,Temperature,25.515,25.234,healthy,1.00311,0.20031,0
175,2026-09-22 14:35:00,C01,CO2,606.589,601.098,healthy,1.00043,4.91132,0
127,2026-09-22 10:35:00,C01,CO2,494.431,495.299,healthy,0.98601,5.03884,0
186,2026-09-22 15:30:00,C01,CO2,489.138,489.404,healthy,0.98992,5.01791,0
166,2026-09-22 13:50:00,H01,Humidity,53.198,52.744,healthy,1.00052,0.49223,0
66,2026-09-22 05:30:00,H01,Humidity,51.016,50.809,healthy,0.99522,0.5054,0
114,2026-09-22 09:30:00,C02,CO2,563.833,521.174,warning,1.07083,5.19254,0
31,2026-09-22 02:35:00,H02,Humidity,42.658,42.346,healthy,0.9988,0.48429,0
86,2026-09-22 07:10:00,T01,Temperature,24.074,23.749,healthy,1.00616,0.19705,0
186,2026-09-22 15:30:00,H01,Humidity,58.909,57.972,healthy,1.00779,0.48641,0
50,2026-09-22 04:10:00,H01,Humidity,43.815,43.259,healthy,1.00677,0.48176,0
15,2026-09-22 01:15:00,H01,Humidity,52.364,52.448,healthy,0.99073,0.49749,0
45,2026-09-22 03:45:00,T02,Temperature,23.271,23.283,healthy,0.99078,0.19519,0
169,2026-09-22 14:05:00,H01,Humidity,55.862,54.599,healthy,1.01196,0.51025,0
190,2026-09-22 15:50:00,T02,Temperature,33.132,26.618,unhealthy,1.23564,0.21805,0
121,2026-09-22 10:05:00,C02,CO2,560.764,515.219,warning,1.07233,5.58811,0
16,2026-09-22 01:20:00,H02,Humidity,43.815,43.777,healthy,0.98791,0.49584,0
153,2026-09-22 12:45:00,C01,CO2,789.597,779.264,healthy,1.00583,4.93176,0
37,2026-09-22 03:05:00,H02,Humidity,44.664,44.168,healthy,1.00148,0.50904,0
177,2026-09-22 14:45:00,T01,Temperature,23.377,23.13,healthy,1.00065,0.20943,0
3,2026-09-22 00:15:00,H02,Humidity,51.366,50.689,healthy,0.99829,0.51325,0
94,2026-09-22 07:50:00,T02,Temperature,27.971,26.641,warning,1.04225,0.2032,0
65,2026-09-22 05:25:00,T01,Temperature,23.727,23.359,healthy,1.00711,0.19651,0
108,2026-09-22 09:00:00,H02,Humidity,48.823,45.553,warning,1.06921,0.47587,0
118,2026-09-22 09:50:00,H01,Humidity,48.935,47.762,healthy,1.01006,0.48739,0
197,2026-09-22 16:25:00,H02,Humidity,61.287,48.115,unhealthy,1.2647,0.46874,0
15,2026-09-22 01:15:00,C02,CO2,693.878,688.895,healthy,1.00183,4.92534,0
20,2026-09-22 01:40:00,C02,CO2,766.676,759.809,healthy,1.0017,4.97292,0
43,2026-09-22 03:35:00,C02,CO2,651.782,644.691,healthy,1.0008,5.07608,0
88,2026-09-22 07:20:00,T01,Temperature,24.235,23.873,healthy,1.00865,0.20396,0
67,2026-09-22 05:35:00,H01,Humidity,51.394,50.676,healthy,1.00805,0.48795,0
189,2026-09-22 15:45:00,H02,Humidity,65.691,52.542,unhealthy,1.24311,0.52483,0
1,2026-09-22 00:05:00,C01,CO2,533.944,532.583,healthy,0.99349,4.90733,0
35,2026-09-22 02:55:00,C01,CO2,806.169,800.701,healthy,1.00353,4.89297,0
186,2026-09-22 15:30:00,T02,Temperature,31.826,25.83,unhealthy,1.22575,0.16715,0
105,2026-09-22 08:45:00,T02,Temperature,29.094,26.67,warning,1.08364,0.22554,0
129,2026-09-22 10:45:00,T01,Temperature,26.946,26.501,healthy,1.00733,0.20152,0
196,2026-09-22 16:20:00,H01,Humidity,58.072,57.599,healthy,0.9976,0.47476,0
93,2026-09-22 07:45:00,C01,CO2,800.939,788.972,healthy,1.00809,5.18663,0
193,2026-09-22 16:05:00,H01,Humidity,57.99,57.728,healthy,0.99718,0.51418,0
25,2026-09-22 02:05:00,H02,Humidity,42.938,42.658,healthy,0.99114,0.49441,0
158,2026-09-22 13:10:00,H01,Humidity,49.3,49.25,healthy,0.99589,0.52278,0
114,2026-09-22 09:30:00,H02,Humidity,45.964,43.252,warning,1.05388,0.38307,0
25,2026-09-22 02:05:00,T01,Temperature,27.5,27.228,healthy,1.00178,0.1988,0
95,2026-09-22 07:55:00,T02,Temperature,28.121,26.648,warning,1.04915,0.19521,0
107,2026-09-22 08:55:00,T01,Temperature,26.255,26.301,healthy,0.99143,0.19673,0
168,2026-09-22 14:00:00,C02,CO2,733.65,572.405,unhealthy,1.27384,4.81661,0
188,2026-09-22 15:40:00,C01,CO2,514.782,511.425,healthy,0.99422,4.99454,0
9,2026-09-22 00:45:00,C02,CO2,599.601,594.623,healthy,1.00156,4.92071,0
195,2026-09-22 16:15:00,C02,CO2,924.183,696.913,unhealthy,1.31658,5.17369,0
53,2026-09-22 04:25:00,T02,Temperature,23.017,22.942,healthy,0.99576,0.20201,0
37,2026-09-22 03:05:00,H01,Humidity,43.242,42.53,healthy,1.00305,0.50027,0
51,2026-09-22 04:15:00,C02,CO2,530.652,527.235,healthy,0.9972,5.06506,0
66,2026-09-22 05:30:00,T02,Temperature,23.588,23.167,healthy,1.00996,0.195,0
89,2026-09-22 07:25:00,H01,Humidity,58.796,58.228,healthy,1.00185,0.49567,0
28,2026-09-22 02:20:00,H02,Humidity,41.9,41.475,healthy,0.99693,0.48248,0
3,2026-09-22 00:15:00,C01,CO2,522.478,514.717,healthy,1.00129,5.2355,0
16,2026-09-22 01:20:00,C02,CO2,719.333,715.155,healthy,0.99865,4.86485,0
165,2026-09-22 13:45:00,H01,Humidity,52.141,51.874,healthy,0.99616,0.47395,0
80,2026-09-22 06:40:00,H02,Humidity,61.135,57.04,warning,1.05964,0.58638,0
41,2026-09-22 03:25:00,C01,CO2,785.801,782.144,healthy,0.99927,5.12883,0
81,2026-09-22 06:45:00,H01,Humidity,57.009,56.797,healthy,0.99293,0.51035,0
146,2026-09-22 12:10:00,T01,Temperature,25.038,24.642,healthy,1.00876,0.20453,0
155,2026-09-22 12:55:00,C02,CO2,971.905,757.4,unhealthy,1.27932,5.13842,0
146,2026-09-22 12:10:00,C01,CO2,724.776,717.999,healthy,1.00504,4.94592,0
29,2026-09-22 02:25:00,C02,CO2,790.947,780.683,healthy,1.006,5.00376,0
180,2026-09-22 15:00:00,C01,CO2,528.803,523.644,healthy,0.99911,5.04462,0
169,2026-09-22 14:05:00,C01,CO2,704.579,703.419,healthy,0.99417,4.84583,0
134,2026-09-22 11:10:00,H01,Humidity,43.488,42.899,healthy,1.00183,0.48994,0
130,2026-09-22 10:50:00,H02,Humidity,48.154,42.088,unhealthy,1.13157,0.45231,0
42,2026-09-22 03:30:00,T01,Temperature,25.688,25.768,healthy,0.98951,0.20062,0
124,2026-09-22 10:20:00,T01,Temperature,27.06,26.784,healthy,1.001,0.20914,0
70,2026-09-22 05:50:00,H02,Humidity,62.015,57.146,warning,1.07723,0.52073,0
175,2026-09-22 14:35:00,H02,Humidity,74.195,58.079,unhealthy,1.27006,0.46766,0
114,2026-09-22 09:30:00,C01,CO2,620.643,618.404,healthy,0.99588,4.8821,0
133,2026-09-22 11:05:00,T02,Temperature,26.632,24.201,warning,1.09189,0.20823,0
110,2026-09-22 09:10:00,C01,CO2,688.35,684.183,healthy,0.9999,4.84305,0
87,2026-09-22 07:15:00,T02,Temperature,27.91,25.749,warning,1.07588,0.19255,0
168,2026-09-22 14:00:00,T02,Temperature,28.897,24.098,unhealthy,1.19011,0.2299,0
144,2026-09-22 12:00:00,T01,Temperature,25.194,24.92,healthy,1.0027,0.2088,0
164,2026-09-22 13:40:00,H02,Humidity,70.644,57.264,unhealthy,1.22434,0.49775,0
137,2026-09-22 11:25:00,C02,CO2,924.795,715.171,unhealthy,1.28465,5.07389,0
62,2026-09-22 05:10:00,T02,Temperature,23.811,23.404,healthy,1.00981,0.2062,0
188,2026-09-22 15:40:00,H01,Humidity,58.898,58.047,healthy,1.00332,0.49119,0
178,2026-09-22 14:50:00,H02,Humidity,70.187,57.548,unhealthy,1.21155,0.55012,0
41,2026-09-22 03:25:00,C02,CO2,664.442,658.786,healthy,0.99956,5.01776,0
5,2026-09-22 00:25:00,H01,Humidity,56.641,56.25,healthy,0.99756,0.4772,0
120,2026-09-22 10:00:00,C01,CO2,526.831,524.076,healthy,0.99743,5.04648,0
104,2026-09-22 08:40:00,H01,Humidity,54.738,53.977,healthy,0.99939,0.48617,0
106,2026-09-22 08:50:00,H02,Humidity,48.513,45.978,warning,1.04904,0.54346,0
172,2026-09-22 14:20:00,T01,Temperature,22.988,22.981,healthy,0.99254,0.20676,0
24,2026-09-22 02:00:00,T02,Temperature,25.805,25.912,healthy,0.98934,0.19045,0
73,2026-09-22 06:05:00,C02,CO2,657.613,649.828,healthy,1.00152,4.84047,0
195,2026-09-22 16:15:00,C01,CO2,562.035,559.992,healthy,0.99888,4.93829,0
148,2026-09-22 12:20:00,H01,Humidity,42.705,42.878,healthy,0.98463,0.51252,0
76,2026-09-22 06:20:00,H01,Humidity,55.105,54.801,healthy,0.9983,0.53472,0
87,2026-09-22 07:15:00,C02,CO2,867.308,791.759,warning,1.08924,5.01254,0
2,2026-09-22 00:10:00,C02,CO2,523.481,523.349,healthy,0.99294,5.06751,0
30,2026-09-22 02:30:00,T01,Temperature,27.106,26.957,healthy,0.99756,0.18328,0
3,2026-09-22 00:15:00,T01,Temperature,25.64,25.398,healthy,1.00134,0.20658,0
143,2026-09-22 11:55:00,T01,Temperature,25.472,25.22,healthy,1.00237,0.19424,0
154,2026-09-22 12:50:00,T01,Temperature,23.886,23.84,healthy,0.99341,0.20325,0
136,2026-09-22 11:20:00,T01,Temperature,26.4,26.122,healthy,1.00278,0.21281,0
48,2026-09-22 04:00:00,H02,Humidity,49.458,49.445,healthy,0.9943,0.50352,0
118,2026-09-22 09:50:00,C01,CO2,570.653,566.996,healthy,0.99787,4.88949,0
77,2026-09-22 06:25:00,T01,Temperature,24.028,23.617,healthy,1.00955,0.199,0
22,2026-09-22 01:50:00,T01,Temperature,27.25,26.859,healthy,1.00579,0.20582,0
99,2026-09-22 08:15:00,T02,Temperature,28.929,26.892,warning,1.06715,0.20836,0
18,2026-09-22 01:30:00,C01,CO2,597.228,595.793,healthy,0.99364,5.0741,0
169,2026-09-22 14:05:00,C02,CO2,698.713,543.672,unhealthy,1.27885,4.8061,0
193,2026-09-22 16:05:00,C01,CO2,530.87,530.354,healthy,0.98998,5.05603,0
5,2026-09-22 00:25:00,C01,CO2,490.818,493.533,healthy,0.98881,4.98572,0
11,2026-09-22 00:55:00,H02,Humidity,45.99,45.641,healthy,0.99732,0.50065,0
6,2026-09-22 00:30:00,H02,Humidity,49.656,48.948,healthy,1.00643,0.48752,0
13,2026-09-22 01:05:00,T02,Temperature,27.306,26.931,healthy,1.00649,0.20312,0
171,2026-09-22 14:15:00,C02,CO2,708.382,535.625,unhealthy,1.31292,5.40833,0
122,2026-09-22 10:10:00,C02,CO2,552.775,510.416,warning,1.07572,5.26083,0
121,2026-09-22 10:05:00,C01,CO2,527.662,525.44,healthy,0.99298,5.05101,0
12,2026-09-22 01:00:00,H01,Humidity,54.755,53.987,healthy,1.00432,0.50592,0
140,2026-09-22 11:40:00,T01,Temperature,25.853,25.612,healthy,1.00233,0.1992,0
82,2026-09-22 06:50:00,H02,Humidity,62.477,57.498,warning,1.08125,0.44545,0
144,2026-09-22 12:00:00,H01,Humidity,43.008,42.428,healthy,1.00117,0.50998,0
11,2026-09-22 00:55:00,C02,CO2,617.208,615.376,healthy,0.99683,4.99633,0
75,2026-09-22 06:15:00,H02,Humidity,61.944,57.799,warning,1.05906,0.52775,0
0,2026-09-22 00:00:00,C01,CO2,540.656,538.323,healthy,0.99555,5.0947,0
139,2026-09-22 11:35:00,C02,CO2,938.285,743.012,unhealthy,1.25798,5.00377,0
184,2026-09-22 15:20:00,C02,CO2,673.475,530.718,unhealthy,1.25866,5.39268,0
88,2026-09-22 07:20:00,C02,CO2,883.758,801.085,warning,1.09363,5.1309,0
100,2026-09-22 08:20:00,C02,CO2,724.257,678.533,warning,1.05748,5.12278,0
184,2026-09-22 15:20:00,C01,CO2,507.215,498.435,healthy,1.00435,5.10013,0
96,2026-09-22 08:00:00,C02,CO2,789.457,732.934,warning,1.07039,4.95745,0
64,2026-09-22 05:20:00,C02,CO2,529.249,524.164,healthy,0.99725,5.3017,0
18,2026-09-22 01:30:00,T01,Temperature,27.496,27.088,healthy,1.00823,0.18002,0
10,2026-09-22 00:50:00,C02,CO2,632.437,630.804,healthy,0.99704,5.00061,0
55,2026-09-22 04:35:00,C02,CO2,492.258,489.069,healthy,0.9945,4.93942,0
57,2026-09-22 04:45:00,C01,CO2,576.775,573.077,healthy,0.99854,5.08902,0
100,2026-09-22 08:20:00,H01,Humidity,55.361,55.116,healthy,1.00044,0.50894,0
78,2026-09-22 06:30:00,H01,Humidity,55.731,55.857,healthy,0.99178,0.46808,0
18,2026-09-22 01:30:00,H02,Humidity,42.751,42.589,healthy,0.98932,0.50194,0
187,2026-09-22 15:35:00,C01,CO2,486.123,489.048,healthy,0.99046,4.89372,0
116,2026-09-22 09:40:00,H02,Humidity,46.455,43.088,warning,1.06928,0.52771,0
187,2026-09-22 15:35:00,C02,CO2,720.4,562.504,unhealthy,1.26974,5.69602,0
54,2026-09-22 04:30:00,T02,Temperature,23.024,22.812,healthy,1.0012,0.19906,0
25,2026-09-22 02:05:00,T02,Temperature,26.403,26.256,healthy,0.99826,0.19541,0
95,2026-09-22 07:55:00,H01,Humidity,58.242,57.489,healthy,1.00274,0.50208,0
165,2026-09-22 13:45:00,C02,CO2,747.677,621.216,unhealthy,1.19593,4.97027,0
99,2026-09-22 08:15:00,T01,Temperature,25.405,25.437,healthy,0.99139,0.19402,0
86,2026-09-22 07:10:00,C01,CO2,710.71,700.751,healthy,1.00361,5.09805,0
59,2026-09-22 04:55:00,T02,Temperature,23.751,23.396,healthy,1.00555,0.20275,0
113,2026-09-22 09:25:00,T01,Temperature,27.078,27.053,healthy,0.99389,0.20285,0
38,2026-09-22 03:10:00,H02,Humidity,44.879,44.022,healthy,1.00526,0.49806,0
14,2026-09-22 01:10:00,T02,Temperature,27.279,26.928,healthy,1.00464,0.19902,0
199,2026-09-22 16:35:00,C02,CO2,994.407,749.748,unhealthy,1.31957,4.6381,0
135,2026-09-22 11:15:00,C01,CO2,559.22,555.65,healthy,0.99581,5.27126,0
56,2026-09-22 04:40:00,H01,Humidity,46.108,45.356,healthy,1.0088,0.49387,0
52,2026-09-22 04:20:00,C01,CO2,647.93,641.656,healthy,1.00351,4.9587,0
71,2026-09-22 05:55:00,C02,CO2,634.436,632.923,healthy,0.99562,4.90527,0
143,2026-09-22 11:55:00,T02,Temperature,25.235,23.574,warning,1.06157,0.19426,0
95,2026-09-22 07:55:00,C02,CO2,817.694,751.995,warning,1.08043,5.06575,0
47,2026-09-22 03:55:00,C01,CO2,738.815,725.19,healthy,1.00954,5.08313,0
68,2026-09-22 05:40:00,H02,Humidity,61.64,57.569,warning,1.0647,0.49232,0
150,2026-09-22 12:30:00,T02,Temperature,25.357,23.167,warning,1.08786,0.16389,0
174,2026-09-22 14:30:00,H02,Humidity,74.413,58.484,unhealthy,1.26417,0.45533,0
119,2026-09-22 09:55:00,H02,Humidity,46.375,41.928,warning,1.09724,0.49057,0
171,2026-09-22 14:15:00,T01,Temperature,23.016,22.968,healthy,0.99395,0.19209,0
76,2026-09-22 06:20:00,H02,Humidity,61.45,57.393,warning,1.05995,0.49989,0
78,2026-09-22 06:30:00,H02,Humidity,61.787,58.212,warning,1.0505,0.50832,0
57,2026-09-22 04:45:00,T01,Temperature,23.923,23.809,healthy,0.99604,0.2003,0
50,2026-09-22 04:10:00,T01,Temperature,24.536,24.542,healthy,0.99115,0.1798,0
152,2026-09-22 12:40:00,T01,Temperature,24.016,23.916,healthy,0.99574,0.19623,0
36,2026-09-22 03:00:00,T02,Temperature,24.551,24.443,healthy,0.99611,0.19439,0
131,2026-09-22 10:55:00,T01,Temperature,26.992,26.568,healthy,1.00781,0.19651,0
99,2026-09-22 08:15:00,H01,Humidity,55.877,55.851,healthy,0.99234,0.48856,0
16,2026-09-22 01:20:00,T01,Temperature,27.37,26.935,healthy,1.00907,0.19406,0
72,2026-09-22 06:00:00,T02,Temperature,24.238,23.937,healthy,1.00399,0.20544,0
33,2026-09-22 02:45:00,T02,Temperature,25.085,25.134,healthy,0.99085,0.19775,0
171,2026-09-22 14:15:00,C01,CO2,676.664,666.08,healthy,1.01009,5.33816,0
109,2026-09-22 09:05:00,H02,Humidity,47.347,44.667,warning,1.0509,0.53864,0
57,2026-09-22 04:45:00,T02,Temperature,23.346,23.033,healthy,1.00461,0.19705,0
198,2026-09-22 16:30:00,H01,Humidity,55.356,54.831,healthy,1.0019,0.49487,0
64,2026-09-22 05:20:00,C01,CO2,497.837,495.85,healthy,0.99454,5.04096,0
118,2026-09-22 09:50:00,H02,Humidity,46.573,42.331,warning,1.08245,0.53175,0
158,2026-09-22 13:10:00,T01,Temperature,23.672,23.446,healthy,1.00084,0.19425,0
48,2026-09-22 04:00:00,T01,Temperature,25.163,25.073,healthy,0.99541,0.19807,0
171,2026-09-22 14:15:00,H02,Humidity,69.91,58.063,unhealthy,1.19287,0.47894,0
61,2026-09-22 05:05:00,C01,CO2,518.471,517.565,healthy,0.99578,5.03504,0
20,2026-09-22 01:40:00,T01,Temperature,27.445,27.179,healthy,1.00262,0.19564,0
176,2026-09-22 14:40:00,T02,Temperature,31.005,24.724,unhealthy,1.24378,0.24009,0
100,2026-09-22 08:20:00,T02,Temperature,29.408,27.036,warning,1.08218,0.17817,0
151,2026-09-22 12:35:00,T02,Temperature,24.489,22.974,warning,1.05726,0.19404,0
180,2026-09-22 15:00:00,C02,CO2,639.618,503.539,unhealthy,1.25656,6.68238,0
141,2026-09-22 11:45:00,C02,CO2,998.686,772.321,unhealthy,1.28436,5.40812,0
165,2026-09-22 13:45:00,T02,Temperature,28.099,23.218,unhealthy,1.20204,0.19447,0
85,2026-09-22 07:05:00,H02,Humidity,61.581,56.554,warning,1.07967,0.51575,0
89,2026-09-22 07:25:00,C01,CO2,763.405,757.109,healthy,1.00537,5.0189,0
28,2026-09-22 02:20:00,H01,Humidity,44.383,44.133,healthy,0.99804,0.50525,0
102,2026-09-22 08:30:00,T01,Temperature,25.859,25.661,healthy,1.00001,0.19487,0
139,2026-09-22 11:35:00,H01,Humidity,41.879,41.947,healthy,0.99014,0.50456,0
178,2026-09-22 14:50:00,T02,Temperature,31.12,25.489,unhealthy,1.21253,0.21379,0
7,2026-09-22 00:35:00,H01,Humidity,56.161,55.249,healthy,1.00895,0.51586,0
190,2026-09-22 15:50:00,H01,Humidity,56.963,56.348,healthy,1.00426,0.46508,0
21,2026-09-22 01:45:00,C02,CO2,790.225,775.459,healthy,1.0123,4.59673,0
34,2026-09-22 02:50:00,T02,Temperature,24.51,24.57,healthy,0.98962,0.19932,0
159,2026-09-22 13:15:00,H02,Humidity,68.103,56.36,unhealthy,1.20022,0.4941,0
17,2026-09-22 01:25:00,T01,Temperature,27.3,26.885,healthy,1.00858,0.19747,0
107,2026-09-22 08:55:00,T02,Temperature,28.884,26.802,warning,1.06997,0.201,0
20,2026-09-22 01:40:00,H01,Humidity,49.23,49.031,healthy,0.99263,0.51011,0
53,2026-09-22 04:25:00,H02,Humidity,50.903,50.203,healthy,1.00336,0.52967,0
197,2026-09-22 16:25:00,T02,Temperature,32.506,26.797,unhealthy,1.20235,0.29077,0
102,2026-09-22 08:30:00,H01,Humidity,56.596,55.854,healthy,1.0023,0.49677,0
162,2026-09-22 13:30:00,H01,Humidity,50.319,49.898,healthy,1.00014,0.50314,0
103,2026-09-22 08:35:00,H02,Humidity,52.018,48.569,warning,1.06331,0.47642,0
55,2026-09-22 04:35:00,H02,Humidity,52.707,52.417,healthy,0.99456,0.51522,0
75,2026-09-22 06:15:00,C02,CO2,738.393,691.012,warning,1.05883,5.19218,0
69,2026-09-22 05:45:00,T02,Temperature,23.606,23.364,healthy,1.00121,0.2002,0
23,2026-09-22 01:55:00,T01,Temperature,27.278,26.83,healthy,1.00838,0.20571,0
176,2026-09-22 14:40:00,H01,Humidity,58.535,57.095,healthy,1.01839,0.50035,0
188,2026-09-22 15:40:00,T01,Temperature,24.689,24.265,healthy,1.01006,0.19662,0
183,2026-09-22 15:15:00,C01,CO2,527.688,524.647,healthy,0.99431,5.03516,0
43,2026-09-22 03:35:00,H02,Humidity,47.887,46.9,healthy,1.01104,0.51628,0
7,2026-09-22 00:35:00,T01,Temperature,25.992,25.823,healthy,0.99972,0.20069,0
179,2026-09-22 14:55:00,H01,Humidity,57.647,56.974,healthy,0.99971,0.50066,0
161,2026-09-22 13:25:00,C01,CO2,792.726,781.233,healthy,1.00562,5.29979,0
15,2026-09-22 01:15:00,T02,Temperature,27.367,27.007,healthy,1.00708,0.1905,0
109,2026-09-22 09:05:00,T01,Temperature,26.606,26.537,healthy,0.99464,0.20385,0
19,2026-09-22 01:35:00,T02,Temperature,26.609,26.443,healthy,0.99961,0.20455,0
132,2026-09-22 11:00:00,T02,Temperature,26.197,24.523,warning,1.06092,0.19285,0
8,2026-09-22 00:40:00,H01,Humidity,54.726,54.55,healthy,0.99622,0.50288,0
3,2026-09-22 00:15:00,T02,Temperature,27.042,26.683,healthy,1.00653,0.19161,0
187,2026-09-22 15:35:00,H02,Humidity,66.465,53.97,unhealthy,1.22334,0.46749,0
79,2026-09-22 06:35:00,H02,Humidity,61.53,57.309,warning,1.0673,0.49296,0
27,2026-09-22 02:15:00,T01,Temperature,27.589,27.408,healthy,0.99992,0.20902,0
30,2026-09-22 02:30:00,T02,Temperature,25.667,25.494,healthy,0.998,0.20093,0
117,2026-09-22 09:45:00,T02,Temperature,28.376,26.414,warning,1.06777,0.1852,0
66,2026-09-22 05:30:00,H02,Humidity,58.392,57.625,healthy,1.00294,0.49247,0
17,2026-09-22 01:25:00,H02,Humidity,42.928,42.826,healthy,0.99587,0.52776,0
47,2026-09-22 03:55:00,C02,CO2,577.813,575.721,healthy,0.99456,5.12212,0
74,2026-09-22 06:10:00,T01,Temperature,23.359,22.989,healthy,1.00856,0.19759,0
46,2026-09-22 03:50:00,T01,Temperature,25.284,25.267,healthy,0.99171,0.19916,0
196,2026-09-22 16:20:00,T01,Temperature,25.659,25.435,healthy,1.00165,0.19569,0
115,2026-09-22 09:35:00,H01,Humidity,50.409,50.035,healthy,0.99696,0.49231,0
198,2026-09-22 16:30:00,C02,CO2,949.447,727.964,unhealthy,1.29582,5.57404,0
126,2026-09-22 10:30:00,T01,Temperature,27.526,27.203,healthy,1.00509,0.19292,0
14,2026-09-22 01:10:00,C02,CO2,681.207,674.543,healthy,1.0007,5.017,0
196,2026-09-22 16:20:00,T02,Temperature,32.917,26.857,unhealthy,1.21711,0.21792,0
64,2026-09-22 05:20:00,T01,Temperature,23.464,23.265,healthy,0.99985,0.20294,0
8,2026-09-22 00:40:00,C02,CO2,592.684,585.791,healthy,0.99826,5.12451,0
88,2026-09-22 07:20:00,C01,CO2,749.613,742.123,healthy,1.00077,5.09867,0
142,2026-09-22 11:50:00,C01,CO2,649.111,643.521,healthy,1.00409,4.80612,0
103,2026-09-22 08:35:00,C01,CO2,779.934,776.166,healthy,0.99913,4.90902,0
156,2026-09-22 13:00:00,C02,CO2,895.875,717.08,unhealthy,1.24363,4.6564,0
152,2026-09-22 12:40:00,H01,Humidity,44.876,44.441,healthy,1.00009,0.48121,0
196,2026-09-22 16:20:00,C01,CO2,562.603,563.279,healthy,0.98981,5.03466,0
172,2026-09-22 14:20:00,T02,Temperature,30.319,24.421,unhealthy,1.23359,0.20467,0
105,2026-09-22 08:45:00,C01,CO2,763.296,756.721,healthy,1.0034,4.99649,0
62,2026-09-22 05:10:00,T01,Temperature,23.453,23.217,healthy,1.00102,0.20421,0
18,2026-09-22 01:30:00,T02,Temperature,27.167,26.783,healthy,1.00566,0.19997,0
89,2026-09-22 07:25:00,H02,Humidity,59.525,54.434,warning,1.08477,0.5036,0
138,2026-09-22 11:30:00,T02,Temperature,25.881,24.089,warning,1.06569,0.18959,0
94,2026-09-22 07:50:00,H01,Humidity,57.275,57.206,healthy,0.99098,0.49091,0
75,2026-09-22 06:15:00,T02,Temperature,24.465,24.178,healthy,1.00385,0.20129,0
120,2026-09-22 10:00:00,H02,Humidity,47.314,44.103,warning,1.06425,0.49748,0
93,2026-09-22 07:45:00,H02,Humidity,57.894,53.203,warning,1.0819,0.41369,0
153,2026-09-22 12:45:00,T02,Temperature,28.197,22.774,unhealthy,1.22884,0.21567,1
87,2026-09-22 07:15:00,C01,CO2,738.972,733.256,healthy,1.00084,4.84194,0
134,2026-09-22 11:10:00,H02,Humidity,52.846,44.731,unhealthy,1.17867,0.43973,0
67,2026-09-22 05:35:00,H02,Humidity,61.078,56.468,warning,1.0722,0.47173,1
35,2026-09-22 02:55:00,T02,Temperature,24.549,24.59,healthy,0.9904,0.19177,0
69,2026-09-22 05:45:00,H02,Humidity,61.692,58.479,warning,1.04918,0.43925,0
129,2026-09-22 10:45:00,H02,Humidity,52.454,42.938,unhealthy,1.21249,0.45662,0
142,2026-09-22 11:50:00,T02,Temperature,25.684,23.552,warning,1.08301,0.17099,0
100,2026-09-22 08:20:00,T01,Temperature,25.935,25.739,healthy,1.00024,0.20329,0
23,2026-09-22 01:55:00,H02,Humidity,41.479,41.066,healthy,0.9971,0.48392,0
182,2026-09-22 15:10:00,T01,Temperature,23.969,23.778,healthy,1.00074,0.20094,0
10,2026-09-22 00:50:00,C01,CO2,524.819,525.136,healthy,0.99236,5.15409,0
133,2026-09-22 11:05:00,H02,Humidity,51.775,44.887,unhealthy,1.14283,0.53605,0
170,2026-09-22 14:10:00,H02,Humidity,71.798,58.98,unhealthy,1.20632,0.57272,0
83,2026-09-22 06:55:00,C01,CO2,680.642,673.251,healthy,1.00054,4.97204,0
177,2026-09-22 14:45:00,C01,CO2,572.755,567.425,healthy,0.99608,4.80633,0
76,2026-09-22 06:20:00,C01,CO2,564.514,558.494,healthy,0.99909,4.9952,0
138,2026-09-22 11:30:00,T01,Temperature,26.013,25.665,healthy,1.00433,0.21072,0
183,2026-09-22 15:15:00,T02,Temperature,30.931,25.704,unhealthy,1.19808,0.17021,0
59,2026-09-22 04:55:00,C01,CO2,534.35,531.781,healthy,0.99535,4.80297,0
176,2026-09-22 14:40:00,H02,Humidity,69.427,57.228,unhealthy,1.1998,0.57115,0
3,2026-09-22 00:15:00,H01,Humidity,56.776,56.315,healthy,1.00144,0.50416,0
170,2026-09-22 14:10:00,H01,Humidity,54.784,54.094,healthy,1.00043,0.52953,0
196,2026-09-22 16:20:00,C02,CO2,942.193,708.683,unhealthy,1.31826,6.43999,0
178,2026-09-22 14:50:00,C01,CO2,555.911,551.641,healthy,1.00015,4.9748,0
40,2026-09-22 03:20:00,T01,Temperature,26.267,26.148,healthy,0.99693,0.20196,0
193,2026-09-22 16:05:00,H02,Humidity,65.952,50.048,unhealthy,1.31219,0.45185,0
58,2026-09-22 04:50:00,C01,CO2,555.603,552.234,healthy,0.99887,5.18856,0
72,2026-09-22 06:00:00,T01,Temperature,23.139,22.811,healthy,1.00371,0.21854,0
158,2026-09-22 13:10:00,H02,Humidity,68.053,56.333,unhealthy,1.19428,0.53018,0
150,2026-09-22 12:30:00,C01,CO2,771.764,763.992,healthy,1.00229,5.02035,0
104,2026-09-22 08:40:00,C02,CO2,669.692,624.715,warning,1.06336,5.27203,0
84,2026-09-22 07:00:00,T01,Temperature,23.951,23.628,healthy,1.0071,0.18666,0
32,2026-09-22 02:40:00,T01,Temperature,26.956,26.673,healthy,1.00167,0.20727,0
108,2026-09-22 09:00:00,T02,Temperature,29.247,27.11,warning,1.07264,0.18023,0
53,2026-09-22 04:25:00,C01,CO2,649.262,648.067,healthy,0.99242,4.87819,0
71,2026-09-22 05:55:00,H02,Humidity,61.688,57.901,warning,1.05678,0.4117,0
109,2026-09-22 09:05:00,H01,Humidity,53.023,52.097,healthy,1.00437,0.52299,0
191,2026-09-22 15:55:00,T01,Temperature,25.445,24.946,healthy,1.01009,0.20537,0
147,2026-09-22 12:15:00,H01,Humidity,43.939,43.705,healthy,0.99096,0.50844,0
70,2026-09-22 05:50:00,C02,CO2,617.536,614.282,healthy,1.00219,4.89295,0
117,2026-09-22 09:45:00,C02,CO2,566.559,516.078,warning,1.09185,4.7447,0
77,2026-09-22 06:25:00,T02,Temperature,24.728,24.63,healthy,0.99568,0.21057,0
25,2026-09-22 02:05:00,H01,Humidity,46.981,46.797,healthy,0.99433,0.51509,0
199,2026-09-22 16:35:00,H02,Humidity,58.404,46.676,unhealthy,1.23864,0.5597,0
1,2026-09-22 00:05:00,H01,Humidity,56.653,56.278,healthy,0.99717,0.49167,0
70,2026-09-22 05:50:00,T01,Temperature,23.435,23.146,healthy,1.00443,0.20146,0
171,2026-09-22 14:15:00,H01,Humidity,54.763,53.99,healthy,1.00165,0.48858,0
81,2026-09-22 06:45:00,C02,CO2,836.048,767.032,warning,1.08303,5.39219,0
185,2026-09-22 15:25:00,C01,CO2,497.839,499.437,healthy,0.98831,5.07055,0
148,2026-09-22 12:20:00,C02,CO2,982.464,793.533,unhealthy,1.23309,5.55626,0
83,2026-09-22 06:55:00,H01,Humidity,57.237,56.778,healthy,1.00215,0.50729,0
101,2026-09-22 08:25:00,H01,Humidity,57.427,56.636,healthy,1.00369,0.49894,0
112,2026-09-22 09:20:00,H02,Humidity,48.011,44.53,warning,1.06591,0.52956,0
132,2026-09-22 11:00:00,T01,Temperature,27.04,26.507,healthy,1.01187,0.21319,0
22,2026-09-22 01:50:00,T02,Temperature,26.793,26.557,healthy,1.00103,0.19053,0
158,2026-09-22 13:10:00,C01,CO2,795.879,785.944,healthy,1.00584,4.7847,0
67,2026-09-22 05:35:00,T02,Temperature,23.859,23.595,healthy,1.0032,0.20094,0
165,2026-09-22 13:45:00,C01,CO2,749.695,744.518,healthy,0.99862,5.06617,0
81,2026-09-22 06:45:00,T01,Temperature,23.736,23.403,healthy,1.00597,0.19231,0
15,2026-09-22 01:15:00,H02,Humidity,44.099,43.915,healthy,0.98873,0.49214,0
36,2026-09-22 03:00:00,C02,CO2,746.631,741.479,healthy,0.99868,5.27964,0
115,2026-09-22 09:35:00,T01,Temperature,26.781,26.801,healthy,0.99259,0.19528,0
189,2026-09-22 15:45:00,T02,Temperature,33.201,26.467,unhealthy,1.24643,0.20943,0
72,2026-09-22 06:00:00,H01,Humidity,54.172,53.632,healthy,0.99915,0.49722,0
55,2026-09-22 04:35:00,C01,CO2,597.085,594.906,healthy,0.99477,5.18958,0
8,2026-09-22 00:40:00,T02,Temperature,27.096,26.864,healthy,1.001,0.19886,0
144,2026-09-22 12:00:00,T02,Temperature,25.13,23.245,warning,1.07124,0.21285,0
129,2026-09-22 10:45:00,T02,Temperature,27.227,25.144,warning,1.07418,0.20664,0
42,2026-09-22 03:30:00,C02,CO2,679.758,671.918,healthy,1.00261,4.87677,0
14,2026-09-22 01:10:00,T01,Temperature,26.831,26.585,healthy,1.0023,0.21267,0
152,2026-09-22 12:40:00,C01,CO2,793.401,789.715,healthy,1.00064,4.62195,0
151,2026-09-22 12:35:00,C02,CO2,1026.887,797.951,unhealthy,1.27948,4.49817,0
129,2026-09-22 10:45:00,H01,Humidity,44.348,43.595,healthy,1.0048,0.50937,0
95,2026-09-22 07:55:00,H02,Humidity,55.322,50.758,warning,1.08516,0.48737,0
101,2026-09-22 08:25:00,H02,Humidity,52.854,48.1,warning,1.08711,0.48305,0
182,2026-09-22 15:10:00,C01,CO2,526.841,526.791,healthy,0.99247,5.11812,0
164,2026-09-22 13:40:00,C02,CO2,794.448,628.302,unhealthy,1.25572,4.92056,0
160,2026-09-22 13:20:00,C02,CO2,928.266,710.722,unhealthy,1.3005,5.25058,0
157,2026-09-22 13:05:00,C02,CO2,956.027,737.095,unhealthy,1.29417,5.00582,0
151,2026-09-22 12:35:00,C01,CO2,782.981,770.436,healthy,1.01,4.72808,0
120,2026-09-22 10:00:00,H01,Humidity,46.775,45.843,healthy,1.00928,0.49447,0
6,2026-09-22 00:30:00,T01,Temperature,26.048,25.989,healthy,0.99509,0.19509,0
40,2026-09-22 03:20:00,C01,CO2,789.848,776.984,healthy,1.00673,5.2348,0
185,2026-09-22 15:25:00,H02,Humidity,65.087,54.059,unhealthy,1.19184,0.45849,0
167,2026-09-22 13:55:00,T02,Temperature,28.522,23.934,unhealthy,1.18566,0.15173,0
46,2026-09-22 03:50:00,C02,CO2,596.681,594.968,healthy,0.99685,4.98903,0
174,2026-09-22 14:30:00,H01,Humidity,56.537,55.629,healthy,1.00848,0.49626,0
153,2026-09-22 12:45:00,C02,CO2,976.801,772.564,unhealthy,1.25775,4.93387,0
175,2026-09-22 14:35:00,T02,Temperature,31.386,24.696,unhealthy,1.26394,0.17753,0
127,2026-09-22 10:35:00,H01,Humidity,43.86,43.667,healthy,0.99806,0.50131,0
26,2026-09-22 02:10:00,T01,Temperature,27.227,26.906,healthy,1.00451,0.19697,0
71,2026-09-22 05:55:00,C01,CO2,516.296,510.214,healthy,1.00116,5.01184,0
133,2026-09-22 11:05:00,C02,CO2,855.487,674.598,unhealthy,1.26244,4.84139,0
117,2026-09-22 09:45:00,C01,CO2,583.337,579.836,healthy,0.99529,5.07901,0
47,2026-09-22 03:55:00,H01,Humidity,42.975,42.427,healthy,0.99758,0.495,0
192,2026-09-22 16:00:00,C01,CO2,516.632,515.703,healthy,0.99098,4.98997,0
138,2026-09-22 11:30:00,C02,CO2,980.31,740.816,unhealthy,1.31214,5.91087,0
152,2026-09-22 12:40:00,H02,Humidity,63.733,52.897,unhealthy,1.1948,0.533,0
138,2026-09-22 11:30:00,H02,Humidity,56.993,46.291,unhealthy,1.21548,0.5207,0
197,2026-09-22 16:25:00,C02,CO2,915.849,725.212,unhealthy,1.25675,4.94484,0
170,2026-09-22 14:10:00,C01,CO2,689.613,686.551,healthy,0.99981,5.03919,0
32,2026-09-22 02:40:00,T02,Temperature,25.061,24.831,healthy,0.99997,0.20624,0
113,2026-09-22 09:25:00,C02,CO2,572.262,523.829,warning,1.08371,5.06781,0
143,2026-09-22 11:55:00,C01,CO2,674.63,667.803,healthy,1.00225,4.85677,0
28,2026-09-22 02:20:00,T01,Temperature,27.074,26.903,healthy,1.00021,0.18972,0
85,2026-09-22 07:05:00,C02,CO2,873.84,808.623,warning,1.07419,5.13483,0
132,2026-09-22 11:00:00,H01,Humidity,41.785,41.623,healthy,0.99509,0.47113,0
189,2026-09-22 15:45:00,C02,CO2,790.498,600.525,unhealthy,1.31177,4.53371,0
88,2026-09-22 07:20:00,T02,Temperature,27.955,25.605,warning,1.08452,0.20135,0
73,2026-09-22 06:05:00,H02,Humidity,61.84,57.442,warning,1.06411,0.50467,0
154,2026-09-22 12:50:00,C01,CO2,794.748,786.166,healthy,1.00351,4.8207,0
135,2026-09-22 11:15:00,C02,CO2,905.519,696.463,unhealthy,1.29304,4.89969,0
122,2026-09-22 10:10:00,H02,Humidity,45.895,41.855,warning,1.08164,0.55184,0
62,2026-09-22 05:10:00,H02,Humidity,56.173,55.44,healthy,1.00707,0.49257,0
22,2026-09-22 01:50:00,C01,CO2,656.613,652.368,healthy,0.99833,5.16096,0
119,2026-09-22 09:55:00,H01,Humidity,48.905,48.005,healthy,1.00252,0.51099,0
81,2026-09-22 06:45:00,C01,CO2,632.112,632.682,healthy,0.9932,4.84266,0
78,2026-09-22 06:30:00,T01,Temperature,23.654,23.331,healthy,1.00453,0.2081,0
121,2026-09-22 10:05:00,H02,Humidity,44.525,40.72,warning,1.08145,0.54821,0
130,2026-09-22 10:50:00,C01,CO2,509.529,505.744,healthy,0.998,5.0086,0
194,2026-09-22 16:10:00,H01,Humidity,56.151,55.698,healthy,0.99411,0.50085,0
15,2026-09-22 01:15:00,T01,Temperature,27.294,26.942,healthy,1.00664,0.20385,0
16,2026-09-22 01:20:00,C01,CO2,566.545,561.33,healthy,0.99867,4.70016,0
94,2026-09-22 07:50:00,C02,CO2,823.31,756.35,warning,1.08031,5.12802,0
83,2026-09-22 06:55:00,T02,Temperature,27.625,25.316,warning,1.08374,0.21038,0
172,2026-09-22 14:20:00,C01,CO2,664.502,650.25,healthy,1.01095,4.9269,0
44,2026-09-22 03:40:00,H02,Humidity,46.408,45.942,healthy,1.00366,0.47241,0
111,2026-09-22 09:15:00,H02,Humidity,46.997,43.721,warning,1.06105,0.48719,0
85,2026-09-22 07:05:00,T02,Temperature,27.726,25.703,warning,1.07057,0.20938,0
91,2026-09-22 07:35:00,H01,Humidity,58.197,58.372,healthy,0.99121,0.49083,0
37,2026-09-22 03:05:00,T01,Temperature,26.222,26.169,healthy,0.99576,0.18966,0
136,2026-09-22 11:20:00,H01,Humidity,41.639,41.303,healthy,0.99465,0.50789,0
85,2026-09-22 07:05:00,C01,CO2,711.088,703.622,healthy,1.00069,5.11676,0
112,2026-09-22 09:20:00,H01,Humidity,50.838,50.185,healthy,1.00096,0.50209,0
134,2026-09-22 11:10:00,T01,Temperature,26.455,26.184,healthy,1.00222,0.19484,0
105,2026-09-22 08:45:00,T01,Temperature,26.092,26.062,healthy,0.99502,0.19444,0
51,2026-09-22 04:15:00,C01,CO2,670.464,663.575,healthy,1.00341,4.82965,0
81,2026-09-22 06:45:00,H02,Humidity,60.639,57.097,warning,1.05683,0.39244,0
125,2026-09-22 10:25:00,T01,Temperature,27.281,26.966,healthy,1.00314,0.21306,0
128,2026-09-22 10:40:00,C02,CO2,625.271,586.429,warning,1.05749,4.62707,0
85,2026-09-22 07:05:00,H01,Humidity,56.534,56.541,healthy,0.99625,0.4882,0
183,2026-09-22 15:15:00,H01,Humidity,57.913,57.078,healthy,1.00785,0.514,0
10,2026-09-22 00:50:00,H02,Humidity,46.173,45.84,healthy,0.99584,0.52858,0
184,2026-09-22 15:20:00,T02,Temperature,31.712,25.84,unhealthy,1.22194,0.16512,0
49,2026-09-22 04:05:00,C01,CO2,693.17,687.125,healthy,1.00218,4.98377,0
161,2026-09-22 13:25:00,T01,Temperature,23.117,22.945,healthy,0.998,0.18977,0
142,2026-09-22 11:50:00,H01,Humidity,42.325,42.054,healthy,0.99694,0.49909,0
168,2026-09-22 14:00:00,H02,Humidity,67.963,57.706,unhealthy,1.16572,0.4578,0
199,2026-09-22 16:35:00,T01,Temperature,25.764,25.731,healthy,0.99291,0.21326,0
166,2026-09-22 13:50:00,H02,Humidity,70.385,58.375,unhealthy,1.1936,0.63928,0
173,2026-09-22 14:25:00,T02,Temperature,30.595,24.558,unhealthy,1.23704,0.20449,0
41,2026-09-22 03:25:00,H01,Humidity,42.187,41.586,healthy,0.99839,0.49229,0
119,2026-09-22 09:55:00,T01,Temperature,27.135,26.991,healthy,0.99751,0.19725,0
130,2026-09-22 10:50:00,H01,Humidity,44.233,44.035,healthy,0.9959,0.49022,0
80,2026-09-22 06:40:00,T01,Temperature,23.773,23.613,healthy,1.0,0.18744,0
80,2026-09-22 06:40:00,H01,Humidity,57.763,57.783,healthy,0.9941,0.49252,0
111,2026-09-22 09:15:00,C02,CO2,563.326,519.381,warning,1.0767,4.87025,0
104,2026-09-22 08:40:00,H02,Humidity,50.683,47.701,warning,1.05734,0.50341,0
174,2026-09-22 14:30:00,T02,Temperature,30.302,24.808,unhealthy,1.21307,0.18101,0
11,2026-09-22 00:55:00,T02,Temperature,27.387,27.086,healthy,1.00469,0.1925,0
74,2026-09-22 06:10:00,H01,Humidity,55.347,55.184,healthy,0.99316,0.51117,0
7,2026-09-22 00:35:00,C02,CO2,579.439,575.862,healthy,0.99435,5.19916,0
118,2026-09-22 09:50:00,T01,Temperature,26.909,26.708,healthy,1.00128,0.19578,0
187,2026-09-22 15:35:00,H01,Humidity,58.501,57.918,healthy,0.99935,0.49819,0
122,2026-09-22 10:10:00,H01,Humidity,47.469,46.753,healthy,1.00176,0.49302,0
150,2026-09-22 12:30:00,C02,CO2,969.046,777.115,unhealthy,1.24189,4.72685,0
108,2026-09-22 09:00:00,C01,CO2,718.199,712.098,healthy,1.00254,5.01819,0
177,2026-09-22 14:45:00,T02,Temperature,30.064,24.898,unhealthy,1.20079,0.17384,0
141,2026-09-22 11:45:00,H01,Humidity,43.069,43.013,healthy,0.99189,0.51175,0
74,2026-09-22 06:10:00,C01,CO2,535.521,535.047,healthy,0.99114,4.71919,0
160,2026-09-22 13:20:00,H01,Humidity,50.062,49.741,healthy,0.99563,0.51304,0
125,2026-09-22 10:25:00,H01,Humidity,45.848,45.211,healthy,1.00588,0.48877,0
58,2026-09-22 04:50:00,T02,Temperature,22.946,22.858,healthy,0.99536,0.19195,0
92,2026-09-22 07:40:00,T02,Temperature,28.203,26.472,warning,1.05983,0.18913,0
71,2026-09-22 05:55:00,T02,Temperature,23.909,23.649,healthy,1.00152,0.19789,0
127,2026-09-22 10:35:00,T01,Temperature,27.211,26.786,healthy,1.00706,0.1922,0
101,2026-09-22 08:25:00,T01,Temperature,25.825,25.79,healthy,0.99282,0.20154,0
36,2026-09-22 03:00:00,H01,Humidity,42.994,42.675,healthy,0.99606,0.48341,0
157,2026-09-22 13:05:00,T02,Temperature,27.472,23.025,unhealthy,1.18453,0.22597,0
31,2026-09-22 02:35:00,C01,CO2,783.854,776.423,healthy,1.00373,5.23,0
148,2026-09-22 12:20:00,C01,CO2,762.274,751.789,healthy,1.00678,5.34163,0
106,2026-09-22 08:50:00,C01,CO2,746.934,738.834,healthy,1.0062,5.07757,0
176,2026-09-22 14:40:00,C02,CO2,658.153,503.206,unhealthy,1.3018,4.29111,0
88,2026-09-22 07:20:00,H01,Humidity,57.838,57.79,healthy,0.99332,0.51122,0
129,2026-09-22 10:45:00,C02,CO2,640.668,603.459,warning,1.05728,4.76846,0
160,2026-09-22 13:20:00,T02,Temperature,27.125,23.185,unhealthy,1.16134,0.18573,0
67,2026-09-22 05:35:00,C02,CO2,590.042,581.145,healthy,1.00207,5.05012,0
160,2026-09-22 13:20:00,T01,Temperature,23.416,23.404,healthy,0.9924,0.1917,0
102,2026-09-22 08:30:00,H02,Humidity,51.081,47.696,warning,1.06115,0.53883,0
199,2026-09-22 16:35:00,T02,Temperature,33.427,26.846,unhealthy,1.23794,0.19157,0
53,2026-09-22 04:25:00,H01,Humidity,45.1,44.763,healthy,0.99887,0.50044,0
97,2026-09-22 08:05:00,H02,Humidity,54.352,50.263,warning,1.07059,0.50741,0
107,2026-09-22 08:55:00,C01,CO2,728.97,724.888,healthy,0.99735,5.26346,0
52,2026-09-22 04:20:00,T01,Temperature,24.49,24.346,healthy,0.99653,0.19778,0
172,2026-09-22 14:20:00,H01,Humidity,55.541,54.921,healthy,1.00164,0.51366,0
174,2026-09-22 14:30:00,T01,Temperature,23.089,23.013,healthy,0.9937,0.21348,0
120,2026-09-22 10:00:00,T02,Temperature,28.28,26.066,warning,1.07803,0.2102,0
86,2026-09-22 07:10:00,H02,Humidity,59.498,55.187,warning,1.07241,0.50271,0
69,2026-09-22 05:45:00,H01,Humidity,51.419,51.141,healthy,1.00104,0.50714,0
100,2026-09-22 08:20:00,H02,Humidity,53.126,48.785,warning,1.07729,0.50257,0
127,2026-09-22 10:35:00,C02,CO2,614.03,565.171,warning,1.07733,5.42521,0
57,2026-09-22 04:45:00,H02,Humidity,54.279,53.625,healthy,1.00204,0.51301,0
182,2026-09-22 15:10:00,H01,Humidity,57.519,56.835,healthy,1.00211,0.49754,0
147,2026-09-22 12:15:00,C01,CO2,755.82,746.804,healthy,1.00336,5.28528,0
79,2026-09-22 06:35:00,T01,Temperature,23.311,23.089,healthy,1.00226,0.19503,0
32,2026-09-22 02:40:00,C02,CO2,802.126,791.281,healthy,1.00736,4.87085,0
27,2026-09-22 02:15:00,C01,CO2,740.341,724.403,healthy,1.01023,5.15119,0
57,2026-09-22 04:45:00,H01,Humidity,46.041,45.164,healthy,1.01185,0.49546,0
90,2026-09-22 07:30:00,T02,Temperature,29.034,26.476,warning,1.08911,0.18652,0
170,2026-09-22 14:10:00,T02,Temperature,29.063,24.152,unhealthy,1.19498,0.19946,0
125,2026-09-22 10:25:00,C01,CO2,518.239,515.893,healthy,0.99534,5.17366,0
77,2026-09-22 06:25:00,H01,Humidity,56.34,55.834,healthy,1.00485,0.45258,0
56,2026-09-22 04:40:00,C02,CO2,517.193,509.311,healthy,1.00295,5.03047,0
23,2026-09-22 01:55:00,C02,CO2,787.449,778.086,healthy,1.00752,5.05419,0
198,2026-09-22 16:30:00,H02,Humidity,60.643,48.627,unhealthy,1.23531,0.57622,0
73,2026-09-22 06:05:00,H01,Humidity,52.877,53.001,healthy,0.99024,0.48276,0
197,2026-09-22 16:25:00,T01,Temperature,25.97,25.652,healthy,1.00391,0.19594,0
185,2026-09-22 15:25:00,T01,Temperature,24.578,24.23,healthy,1.00656,0.19408,0
99,2026-09-22 08:15:00,C02,CO2,764.431,705.246,warning,1.0735,5.04005,0
21,2026-09-22 01:45:00,H01,Humidity,49.054,49.261,healthy,0.99285,0.49188,0
51,2026-09-22 04:15:00,H01,Humidity,43.927,43.512,healthy,0.99925,0.48613,0
56,2026-09-22 04:40:00,T02,Temperature,23.275,22.843,healthy,1.00919,0.21008,0
135,2026-09-22 11:15:00,T01,Temperature,26.417,25.946,healthy,1.00946,0.19785,0
108,2026-09-22 09:00:00,C02,CO2,594.991,561.633,warning,1.05684,5.58517,0
186,2026-09-22 15:30:00,H02,Humidity,67.62,53.828,unhealthy,1.24468,0.37871,0
159,2026-09-22 13:15:00,H01,Humidity,48.957,48.424,healthy,0.99975,0.52154,0
177,2026-09-22 14:45:00,H02,Humidity,72.989,57.25,unhealthy,1.26693,0.44114,0
84,2026-09-22 07:00:00,C02,CO2,855.139,783.611,warning,1.08594,5.28031,0
106,2026-09-22 08:50:00,C02,CO2,641.799,605.057,warning,1.04996,5.04469,0
49,2026-09-22 04:05:00,T01,Temperature,24.825,24.904,healthy,0.98881,0.20172,0
62,2026-09-22 05:10:00,C01,CO2,521.263,521.523,healthy,0.98956,5.00632,0
197,2026-09-22 16:25:00,H01,Humidity,56.804,56.384,healthy,0.99922,0.52368,0
126,2026-09-22 10:30:00,H01,Humidity,45.108,44.168,healthy,0.99768,0.49868,0
19,2026-09-22 01:35:00,H02,Humidity,42.947,42.581,healthy,0.99564,0.49066,0
142,2026-09-22 11:50:00,H02,Humidity,58.448,47.724,unhealthy,1.21403,0.48033,0
62,2026-09-22 05:10:00,H01,Humidity,48.52,48.042,healthy,0.99868,0.48643,0
180,2026-09-22 15:00:00,H01,Humidity,58.384,57.125,healthy,1.00821,0.49899,0
26,2026-09-22 02:10:00,C02,CO2,800.709,793.672,healthy,1.0006,5.06959,0
68,2026-09-22 05:40:00,H01,Humidity,51.63,51.005,healthy,1.00572,0.49941,0
33,2026-09-22 02:45:00,T01,Temperature,26.687,26.66,healthy,0.99282,0.20292,0
16,2026-09-22 01:20:00,H01,Humidity,51.147,51.301,healthy,0.98941,0.51027,0
47,2026-09-22 03:55:00,T02,Temperature,23.61,23.3,healthy,1.00481,0.19837,0
50,2026-09-22 04:10:00,C02,CO2,552.687,546.627,healthy,0.9973,5.29476,0
156,2026-09-22 13:00:00,C01,CO2,810.491,802.206,healthy,1.00325,5.08683,0
66,2026-09-22 05:30:00,C02,CO2,548.603,546.633,healthy,0.99612,5.08657,0
16,2026-09-22 01:20:00,T02,Temperature,27.0,26.642,healthy,1.00556,0.21033,0
173,2026-09-22 14:25:00,C02,CO2,691.748,524.735,unhealthy,1.30751,5.44885,0
163,2026-09-22 13:35:00,H02,Humidity,69.156,56.931,unhealthy,1.19881,0.5387,0
143,2026-09-22 11:55:00,H01,Humidity,43.7,43.47,healthy,0.98926,0.49089,0
93,2026-09-22 07:45:00,H01,Humidity,57.794,57.506,healthy,0.99586,0.48659,0
64,2026-09-22 05:20:00,H01,Humidity,49.807,48.974,healthy,1.00634,0.49274,0
191,2026-09-22 15:55:00,T02,Temperature,33.619,26.581,unhealthy,1.25689,0.2011,0
38,2026-09-22 03:10:00,H01,Humidity,42.268,41.834,healthy,1.0003,0.49562,0
190,2026-09-22 15:50:00,C02,CO2,799.164,601.9,unhealthy,1.31668,5.27679,0
126,2026-09-22 10:30:00,T02,Temperature,27.061,25.389,warning,1.05655,0.18984,0
64,2026-09-22 05:20:00,H02,Humidity,56.204,56.151,healthy,0.99377,0.49575,0
65,2026-09-22 05:25:00,H01,Humidity,50.976,50.168,healthy,1.00582,0.49473,0
153,2026-09-22 12:45:00,H01,Humidity,46.22,45.956,healthy,0.99388,0.49369,0
61,2026-09-22 05:05:00,T01,Temperature,23.945,23.621,healthy,1.00572,0.19726,0
18,2026-09-22 01:30:00,H01,Humidity,50.023,49.671,healthy,0.99698,0.48368,0
180,2026-09-22 15:00:00,H02,Humidity,70.785,56.822,unhealthy,1.24588,0.33103,0
162,2026-09-22 13:30:00,C02,CO2,859.244,661.27,unhealthy,1.28935,4.073,0
138,2026-09-22 11:30:00,H01,Humidity,42.956,42.642,healthy,0.99971,0.44056,0
155,2026-09-22 12:55:00,T01,Temperature,23.468,23.482,healthy,0.99211,0.19943,0
132,2026-09-22 11:00:00,C01,CO2,536.569,535.545,healthy,0.99395,5.13279,0
163,2026-09-22 13:35:00,C01,CO2,780.45,770.989,healthy,1.00487,4.98699,0
0,2026-09-22 00:00:00,H02,Humidity,51.924,50.936,healthy,1.00814,0.48975,0
166,2026-09-22 13:50:00,T02,Temperature,27.86,23.692,unhealthy,1.16701,0.18723,0
148,2026-09-22 12:20:00,T02,Temperature,24.592,22.799,warning,1.06983,0.18794,0
109,2026-09-22 09:05:00,C01,CO2,708.898,705.592,healthy,0.99849,4.83844,0
185,2026-09-22 15:25:00,C02,CO2,686.892,532.848,unhealthy,1.27545,5.29702,0
166,2026-09-22 13:50:00,T01,Temperature,22.761,22.783,healthy,0.99162,0.19139,0
160,2026-09-22 13:20:00,C01,CO2,813.412,799.599,healthy,1.01005,4.87814,0
91,2026-09-22 07:35:00,C01,CO2,792.495,784.774,healthy,1.00348,4.81241,0
146,2026-09-22 12:10:00,H01,Humidity,42.223,42.17,healthy,0.99351,0.49192,0
4,2026-09-22 00:20:00,T02,Temperature,27.482,27.012,healthy,1.01021,0.20765,0
65,2026-09-22 05:25:00,C01,CO2,503.831,504.544,healthy,0.99179,4.77119,0
82,2026-09-22 06:50:00,C02,CO2,837.924,779.12,warning,1.06845,4.50561,0
186,2026-09-22 15:30:00,T01,Temperature,24.69,24.395,healthy,1.00562,0.19301,0
158,2026-09-22 13:10:00,C02,CO2,921.036,708.286,unhealthy,1.29244,4.68582,0
9,2026-09-22 00:45:00,T01,Temperature,26.268,25.992,healthy,1.00426,0.1938,0
10,2026-09-22 00:50:00,T01,Temperature,26.633,26.385,healthy,1.00279,0.19177,0
19,2026-09-22 01:35:00,C01,CO2,616.399,610.557,healthy,1.00375,5.19024,0
12,2026-09-22 01:00:00,C01,CO2,520.988,521.97,healthy,0.99155,4.8991,0
155,2026-09-22 12:55:00,H01,Humidity,47.605,46.972,healthy,0.9991,0.48973,0
89,2026-09-22 07:25:00,T02,Temperature,28.124,25.963,warning,1.07466,0.20712,0
27,2026-09-22 02:15:00,H01,Humidity,45.998,45.95,healthy,0.99569,0.48059,0
161,2026-09-22 13:25:00,H01,Humidity,49.252,48.796,healthy,0.99751,0.49154,0
49,2026-09-22 04:05:00,H02,Humidity,50.666,49.49,healthy,1.01193,0.49636,0
125,2026-09-22 10:25:00,C02,CO2,571.533,526.041,warning,1.07515,4.77014,0
80,2026-09-22 06:40:00,C02,CO2,810.67,755.991,warning,1.06435,5.07019,0
96,2026-09-22 08:00:00,C01,CO2,797.896,791.546,healthy,1.00549,4.98235,0
92,2026-09-22 07:40:00,H02,Humidity,61.019,54.46,warning,1.11108,0.4787,0
151,2026-09-22 12:35:00,T01,Temperature,23.987,23.981,healthy,0.99369,0.20386,0
112,2026-09-22 09:20:00,T01,Temperature,26.641,26.725,healthy,0.99064,0.20842,0
167,2026-09-22 13:55:00,C02,CO2,739.063,584.606,unhealthy,1.25921,4.41273,0
23,2026-09-22 01:55:00,H01,Humidity,47.626,47.063,healthy,0.99722,0.52212,0
109,2026-09-22 09:05:00,C02,CO2,598.862,552.086,warning,1.08035,4.87761,0
139,2026-09-22 11:35:00,C01,CO2,599.693,595.339,healthy,0.99667,4.92554,0
61,2026-09-22 05:05:00,H01,Humidity,49.17,48.543,healthy,1.00443,0.49692,0
37,2026-09-22 03:05:00,C01,CO2,798.506,789.233,healthy,1.00431,4.90744,0
0,2026-09-22 00:00:00,T01,Temperature,25.447,25.202,healthy,1.0031,0.20664,0
157,2026-09-22 13:05:00,H02,Humidity,66.63,56.088,unhealthy,1.17801,0.4382,0
111,2026-09-22 09:15:00,C01,CO2,662.903,657.577,healthy,1.00216,4.91403,0
35,2026-09-22 02:55:00,C02,CO2,760.214,747.713,healthy,1.00902,4.80828,0
84,2026-09-22 07:00:00,H02,Humidity,61.901,56.417,warning,1.08758,0.52451,0
36,2026-09-22 03:00:00,H02,Humidity,43.349,42.634,healthy,1.00704,0.50838,0
46,2026-09-22 03:50:00,H02,Humidity,48.605,47.867,healthy,1.00314,0.50894,0
75,2026-09-22 06:15:00,C01,CO2,563.533,557.409,healthy,1.00212,5.00064,0
11,2026-09-22 00:55:00,H01,Humidity,53.588,53.092,healthy,1.00294,0.47056,0
122,2026-09-22 10:10:00,T02,Temperature,27.437,25.783,warning,1.05715,0.19007,0
18,2026-09-22 01:30:00,C02,CO2,748.286,741.858,healthy,1.00173,4.80438,0
159,2026-09-22 13:15:00,C01,CO2,801.193,788.507,healthy,1.01341,4.83646,0
35,2026-09-22 02:55:00,H01,Humidity,42.145,41.707,healthy,1.00333,0.48372,0
52,2026-09-22 04:20:00,H01,Humidity,45.379,44.386,healthy,1.00621,0.51261,0
38,2026-09-22 03:10:00,T01,Temperature,26.364,26.284,healthy,0.9948,0.2014,0
183,2026-09-22 15:15:00,T01,Temperature,24.185,23.821,healthy,1.0062,0.20928,0
17,2026-09-22 01:25:00,T02,Temperature,26.756,26.481,healthy,1.0024,0.19783,0
45,2026-09-22 03:45:00,H02,Humidity,47.421,46.857,healthy,1.00215,0.50523,0
106,2026-09-22 08:50:00,T02,Temperature,29.799,27.214,warning,1.08752,0.19532,0
115,2026-09-22 09:35:00,C01,CO2,614.249,607.848,healthy,0.99841,5.06179,0
149,2026-09-22 12:25:00,H01,Humidity,43.665,43.905,healthy,0.99198,0.49915,0
113,2026-09-22 09:25:00,T02,Temperature,29.467,27.037,warning,1.08193,0.20281,0
28,2026-09-22 02:20:00,C01,CO2,739.084,730.062,healthy,1.00409,4.99396,0
131,2026-09-22 10:55:00,T02,Temperature,26.524,24.858,warning,1.05941,0.20959,0
36,2026-09-22 03:00:00,T01,Temperature,26.454,26.315,healthy,0.99706,0.20253,0
179,2026-09-22 14:55:00,C01,CO2,554.101,550.423,healthy,0.99499,4.76539,0
113,2026-09-22 09:25:00,H02,Humidity,47.465,43.88,warning,1.0725,0.4407,0
17,2026-09-22 01:25:00,C01,CO2,589.228,589.378,healthy,0.9918,5.15174,0
175,2026-09-22 14:35:00,C02,CO2,650.346,500.281,unhealthy,1.2867,5.0755,0
156,2026-09-22 13:00:00,H02,Humidity,69.144,54.758,unhealthy,1.25448,0.45604,0
177,2026-09-22 14:45:00,H01,Humidity,58.62,56.947,healthy,1.01364,0.53827,0
33,2026-09-22 02:45:00,H01,Humidity,43.91,43.823,healthy,0.99319,0.487,0
163,2026-09-22 13:35:00,T01,Temperature,23.004,22.899,healthy,0.99606,0.19398,0
63,2026-09-22 05:15:00,T02,Temperature,23.661,23.256,healthy,1.00865,0.19837,0
31,2026-09-22 02:35:00,T02,Temperature,25.267,25.214,healthy,0.99423,0.19828,0
102,2026-09-22 08:30:00,T02,Temperature,29.173,26.835,warning,1.08095,0.18644,0
175,2026-09-22 14:35:00,T01,Temperature,23.353,23.191,healthy,0.99902,0.20001,0
74,2026-09-22 06:10:00,C02,CO2,717.844,684.322,warning,1.04406,4.97083,1
149,2026-09-22 12:25:00,T01,Temperature,24.826,24.42,healthy,1.00799,0.20854,0
149,2026-09-22 12:25:00,C02,CO2,1013.201,808.912,unhealthy,1.24328,5.75193,0
71,2026-09-22 05:55:00,T01,Temperature,23.047,22.853,healthy,1.00148,0.1888,0
168,2026-09-22 14:00:00,T01,Temperature,23.117,22.891,healthy,1.00303,0.19607,0
55,2026-09-22 04:35:00,H01,Humidity,46.191,45.507,healthy,1.00178,0.50182,0
89,2026-09-22 07:25:00,T01,Temperature,24.056,23.98,healthy,0.99537,0.20076,0
117,2026-09-22 09:45:00,T01,Temperature,26.796,26.662,healthy,0.99747,0.19769,0
144,2026-09-22 12:00:00,C01,CO2,685.862,684.12,healthy,0.9984,4.80057,0
121,2026-09-22 10:05:00,T02,Temperature,27.906,26.057,warning,1.06112,0.20634,0
98,2026-09-22 08:10:00,C01,CO2,798.712,792.677,healthy,1.00179,4.91057,0
59,2026-09-22 04:55:00,H01,Humidity,47.681,46.706,healthy,1.00684,0.49813,0
172,2026-09-22 14:20:00,C02,CO2,653.806,519.566,unhealthy,1.25445,4.03463,0
169,2026-09-22 14:05:00,H02,Humidity,70.076,57.599,unhealthy,1.20573,0.48284,0
46,2026-09-22 03:50:00,C01,CO2,756.55,750.724,healthy,1.00431,4.79421,0
118,2026-09-22 09:50:00,C02,CO2,535.828,501.884,warning,1.0597,4.84744,0
94,2026-09-22 07:50:00,C01,CO2,796.636,788.585,healthy,1.00388,5.03522,0
70,2026-09-22 05:50:00,T02,Temperature,24.166,23.726,healthy,1.011,0.19249,0
111,2026-09-22 09:15:00,T01,Temperature,26.703,26.593,healthy,0.99686,0.20186,0
195,2026-09-22 16:15:00,H01,Humidity,56.833,56.249,healthy,0.99644,0.52038,0
116,2026-09-22 09:40:00,H01,Humidity,49.505,48.318,healthy,1.01168,0.52335,0
26,2026-09-22 02:10:00,T02,Temperature,26.131,25.936,healthy,1.00065,0.19304,0
96,2026-09-22 08:00:00,H01,Humidity,57.161,57.067,healthy,0.98978,0.50955,0
98,2026-09-22 08:10:00,H01,Humidity,57.001,56.47,healthy,0.99925,0.53849,0
192,2026-09-22 16:00:00,H02,Humidity,63.277,50.931,unhealthy,1.2329,0.4749,0
0,2026-09-22 00:00:00,C02,CO2,519.185,515.599,healthy,0.99526,5.14377,0
195,2026-09-22 16:15:00,T01,Temperature,26.23,25.725,healthy,1.0121,0.19888,0
136,2026-09-22 11:20:00,T02,Temperature,26.033,23.913,warning,1.08134,0.18571,0
155,2026-09-22 12:55:00,C01,CO2,809.118,797.455,healthy,1.00938,5.1241,0
116,2026-09-22 09:40:00,C01,CO2,587.905,586.156,healthy,0.99435,4.7969,0
14,2026-09-22 01:10:00,C01,CO2,562.393,557.803,healthy,1.00048,4.85536,0
137,2026-09-22 11:25:00,T01,Temperature,26.159,25.848,healthy,1.00538,0.19853,0
181,2026-09-22 15:05:00,H02,Humidity,66.911,55.756,unhealthy,1.19298,0.52068,0
17,2026-09-22 01:25:00,C02,CO2,722.268,712.705,healthy,1.00907,5.13009,0
107,2026-09-22 08:55:00,H01,Humidity,53.211,52.847,healthy,0.9985,0.51127,0
99,2026-09-22 08:15:00,H02,Humidity,53.349,50.701,warning,1.04418,0.48544,0
193,2026-09-22 16:05:00,T02,Temperature,32.892,26.779,unhealthy,1.22042,0.21296,0
182,2026-09-22 15:10:00,T02,Temperature,30.767,25.809,unhealthy,1.18521,0.15677,0
21,2026-09-22 01:45:00,T02,Temperature,26.444,26.166,healthy,1.0029,0.2028,0
140,2026-09-22 11:40:00,C01,CO2,632.438,630.133,healthy,0.99975,4.88481,0
77,2026-09-22 06:25:00,H02,Humidity,61.698,57.924,warning,1.05779,0.53471,0
79,2026-09-22 06:35:00,C01,CO2,609.173,605.73,healthy,0.99621,5.19623,0
128,2026-09-22 10:40:00,T02,Temperature,26.731,25.035,warning,1.05936,0.20819,0
12,2026-09-22 01:00:00,T01,Temperature,27.051,26.594,healthy,1.009,0.20245,0
56,2026-09-22 04:40:00,C01,CO2,583.483,583.844,healthy,0.99386,4.83524,0
83,2026-09-22 06:55:00,T01,Temperature,23.896,23.542,healthy,1.00646,0.19108,0
6,2026-09-22 00:30:00,T02,Temperature,27.24,26.731,healthy,1.01054,0.20061,0
103,2026-09-22 08:35:00,T01,Temperature,26.015,25.96,healthy,0.99418,0.19584,0
109,2026-09-22 09:05:00,T02,Temperature,29.723,27.051,warning,1.09027,0.20313,0
126,2026-09-22 10:30:00,H02,Humidity,51.112,42.771,unhealthy,1.18397,0.50964,1
57,2026-09-22 04:45:00,C02,CO2,500.71,501.984,healthy,0.99376,4.83041,0
180,2026-09-22 15:00:00,T01,Temperature,23.699,23.585,healthy,0.99732,0.20316,0
25,2026-09-22 02:05:00,C01,CO2,709.493,705.063,healthy,0.99972,4.96622,0
123,2026-09-22 10:15:00,C02,CO2,581.893,539.26,warning,1.07474,5.13518,0
97,2026-09-22 08:05:00,H01,Humidity,58.134,57.566,healthy,0.996,0.50362,0
116,2026-09-22 09:40:00,T02,Temperature,29.119,26.446,warning,1.09261,0.18673,0
141,2026-09-22 11:45:00,T01,Temperature,25.408,25.19,healthy,1.0008,0.21602,0
137,2026-09-22 11:25:00,C01,CO2,578.072,571.454,healthy,1.00172,4.90019,0
127,2026-09-22 10:35:00,T02,Temperature,26.26,25.048,warning,1.03903,0.19437,0
60,2026-09-22 05:00:00,H02,Humidity,55.881,55.253,healthy,1.00256,0.50498,0
3,2026-09-22 00:15:00,C02,CO2,531.594,527.922,healthy,0.99594,5.01919,0
10,2026-09-22 00:50:00,T02,Temperature,27.796,27.325,healthy,1.01046,0.20814,0
167,2026-09-22 13:55:00,H01,Humidity,52.505,52.217,healthy,0.99894,0.47866,0
142,2026-09-22 11:50:00,T01,Temperature,25.376,25.217,healthy,0.99948,0.20713,0
114,2026-09-22 09:30:00,H01,Humidity,51.14,50.211,healthy,1.00971,0.51238,0
162,2026-09-22 13:30:00,T02,Temperature,27.086,23.423,unhealthy,1.14649,0.20922,0
4,2026-09-22 00:20:00,T01,Temperature,25.873,25.475,healthy,1.00733,0.20636,0
44,2026-09-22 03:40:00,T01,Temperature,25.542,25.601,healthy,0.98922,0.21453,0
81,2026-09-22 06:45:00,T02,Temperature,27.261,25.212,warning,1.07394,0.20933,0
2,2026-09-22 00:10:00,T02,Temperature,27.55,27.073,healthy,1.01086,0.19929,0
8,2026-09-22 00:40:00,C01,CO2,501.31,503.382,healthy,0.98693,5.02368,0
158,2026-09-22 13:10:00,T02,Temperature,28.058,23.289,unhealthy,1.19508,0.22384,0
163,2026-09-22 13:35:00,H01,Humidity,51.935,51.248,healthy,1.00229,0.47912,0
179,2026-09-22 14:55:00,C02,CO2,651.391,502.025,unhealthy,1.28562,5.4453,0
171,2026-09-22 14:15:00,T02,Temperature,29.318,24.316,unhealthy,1.199,0.1638,0
60,2026-09-22 05:00:00,C01,CO2,531.713,528.832,healthy,0.99554,5.06586,0
50,2026-09-22 04:10:00,C01,CO2,674.183,665.296,healthy,1.0051,5.16652,0
37,2026-09-22 03:05:00,T02,Temperature,24.686,24.389,healthy,1.00353,0.1948,0
90,2026-09-22 07:30:00,C01,CO2,777.064,765.849,healthy,1.00806,5.05897,0
83,2026-09-22 06:55:00,H02,Humidity,62.171,57.037,warning,1.07921,0.52975,0
73,2026-09-22 06:05:00,T02,Temperature,24.316,24.058,healthy,1.00162,0.21051,0
173,2026-09-22 14:25:00,C01,CO2,632.499,630.4,healthy,0.99818,5.24261,0
32,2026-09-22 02:40:00,H02,Humidity,42.692,42.389,healthy,0.99471,0.51033,0
194,2026-09-22 16:10:00,T01,Temperature,25.59,25.32,healthy,1.00367,0.19195,0
113,2026-09-22 09:25:00,H01,Humidity,51.537,50.538,healthy,1.00811,0.49478,0
14,2026-09-22 01:10:00,H02,Humidity,44.767,44.401,healthy,0.99778,0.51568,0
31,2026-09-22 02:35:00,H01,Humidity,43.367,42.814,healthy,0.99617,0.49247,0
74,2026-09-22 06:10:00,H02,Humidity,63.079,58.936,warning,1.06148,0.50491,0
136,2026-09-22 11:20:00,H02,Humidity,55.429,45.055,unhealthy,1.21976,0.50888,0
9,2026-09-22 00:45:00,T02,Temperature,27.166,26.86,healthy,1.00469,0.1865,0
162,2026-09-22 13:30:00,T01,Temperature,23.137,23.227,healthy,0.98861,0.19435,0
35,2026-09-22 02:55:00,H02,Humidity,44.959,44.047,healthy,1.01009,0.5164,0
69,2026-09-22 05:45:00,C02,CO2,602.221,602.859,healthy,0.99126,4.76861,0
21,2026-09-22 01:45:00,C01,CO2,648.018,642.888,healthy,1.00138,5.05938,0
87,2026-09-22 07:15:00,T01,Temperature,23.919,23.736,healthy,1.00032,0.2037,0
145,2026-09-22 12:05:00,T02,Temperature,24.813,23.218,warning,1.05951,0.18765,0
89,2026-09-22 07:25:00,C02,CO2,860.401,804.993,warning,1.06682,4.833,0
117,2026-09-22 09:45:00,H02,Humidity,47.713,44.202,warning,1.0644,0.48948,0
190,2026-09-22 15:50:00,T01,Temperature,24.951,24.732,healthy,1.00112,0.20477,0
178,2026-09-22 14:50:00,T01,Temperature,23.608,23.328,healthy,1.00298,0.19682,0
156,2026-09-22 13:00:00,H01,Humidity,48.818,48.18,healthy,0.99908,0.50873,0
13,2026-09-22 01:05:00,C01,CO2,526.143,525.705,healthy,0.99033,5.13441,0
192,2026-09-22 16:00:00,T02,Temperature,32.751,26.736,unhealthy,1.21814,0.19774,0
194,2026-09-22 16:10:00,C02,CO2,947.349,687.827,unhealthy,1.37051,5.58296,0
152,2026-09-22 12:40:00,C02,CO2,1019.608,766.425,unhealthy,1.32831,4.93849,0
191,2026-09-22 15:55:00,H02,Humidity,64.899,51.338,unhealthy,1.25902,0.40096,0
198,2026-09-22 16:30:00,C01,CO2,608.135,604.213,healthy,0.99927,4.95932,0
6,2026-09-22 00:30:00,C01,CO2,516.802,513.17,healthy,1.00063,4.91695,0
142,2026-09-22 11:50:00,C02,CO2,990.606,789.908,unhealthy,1.25066,3.99071,0
45,2026-09-22 03:45:00,C02,CO2,604.801,598.744,healthy,1.00194,4.85368,0
111,2026-09-22 09:15:00,H01,Humidity,51.796,51.04,healthy,1.00476,0.51876,0
80,2026-09-22 06:40:00,C01,CO2,632.831,626.588,healthy,1.00012,4.76381,0
39,2026-09-22 03:15:00,H01,Humidity,42.136,41.949,healthy,0.99375,0.47844,0
128,2026-09-22 10:40:00,H02,Humidity,50.156,42.483,unhealthy,1.16618,0.34061,0
71,2026-09-22 05:55:00,H01,Humidity,53.544,52.985,healthy,0.99906,0.49483,0
198,2026-09-22 16:30:00,T02,Temperature,32.682,26.979,unhealthy,1.20453,0.17299,0
61,2026-09-22 05:05:00,C02,CO2,512.084,509.543,healthy,0.99905,5.03852,0
35,2026-09-22 02:55:00,T01,Temperature,26.737,26.547,healthy,1.00023,0.19232,0
194,2026-09-22 16:10:00,C01,CO2,535.948,535.812,healthy,0.99012,5.20969,0
8,2026-09-22 00:40:00,H02,Humidity,47.299,47.104,healthy,0.99226,0.50508,0
33,2026-09-22 02:45:00,C02,CO2,772.172,763.535,healthy,1.00381,4.9511,0
196,2026-09-22 16:20:00,H02,Humidity,63.357,49.686,unhealthy,1.26579,0.48235,0
43,2026-09-22 03:35:00,T01,Temperature,25.904,25.7,healthy,1.00005,0.19525,0
61,2026-09-22 05:05:00,T02,Temperature,23.348,23.093,healthy,1.0016,0.20183,0
2,2026-09-22 00:10:00,C01,CO2,525.863,523.073,healthy,0.99861,4.96624,0
29,2026-09-22 02:25:00,H01,Humidity,44.297,44.022,healthy,0.99019,0.52126,0
28,2026-09-22 02:20:00,T02,Temperature,25.649,25.56,healthy,0.99523,0.21025,0
124,2026-09-22 10:20:00,H02,Humidity,46.048,42.423,warning,1.07883,0.57014,0
5,2026-09-22 00:25:00,T01,Temperature,25.716,25.606,healthy,0.99651,0.20387,0
131,2026-09-22 10:55:00,C02,CO2,773.428,622.529,unhealthy,1.23575,4.8697,0
191,2026-09-22 15:55:00,C02,CO2,827.388,639.613,unhealthy,1.28178,4.69551,0
105,2026-09-22 08:45:00,C02,CO2,668.758,617.394,warning,1.0744,5.26031,0
185,2026-09-22 15:25:00,H01,Humidity,59.995,58.816,healthy,1.00759,0.50585,0
127,2026-09-22 10:35:00,H02,Humidity,49.632,42.033,unhealthy,1.16969,0.50222,0
118,2026-09-22 09:50:00,T02,Temperature,28.258,26.384,warning,1.06274,0.20772,0
29,2026-09-22 02:25:00,H02,Humidity,42.066,41.783,healthy,0.99652,0.51617,0
98,2026-09-22 08:10:00,C02,CO2,764.571,713.076,warning,1.0675,5.14374,0
34,2026-09-22 02:50:00,T01,Temperature,26.663,26.541,healthy,0.99689,0.20161,0
112,2026-09-22 09:20:00,T02,Temperature,28.908,26.566,warning,1.08197,0.19915,0
182,2026-09-22 15:10:00,C02,CO2,640.986,510.353,unhealthy,1.24934,4.77147,0
75,2026-09-22 06:15:00,T01,Temperature,23.433,22.887,healthy,1.0134,0.2097,0
173,2026-09-22 14:25:00,T01,Temperature,23.117,22.979,healthy,0.99829,0.19787,0
94,2026-09-22 07:50:00,T01,Temperature,24.816,24.635,healthy,1.00007,0.19786,0
51,2026-09-22 04:15:00,T01,Temperature,24.752,24.546,healthy,0.9997,0.20766,0
151,2026-09-22 12:35:00,H01,Humidity,44.378,44.192,healthy,0.98743,0.47912,0
188,2026-09-22 15:40:00,H02,Humidity,65.826,52.682,unhealthy,1.24174,0.46569,0
65,2026-09-22 05:25:00,C02,CO2,549.644,548.216,healthy,0.99197,5.04879,0
19,2026-09-22 01:35:00,H01,Humidity,48.988,48.834,healthy,0.99411,0.49144,0
147,2026-09-22 12:15:00,H02,Humidity,60.666,50.743,unhealthy,1.18066,0.51129,0
20,2026-09-22 01:40:00,T02,Temperature,26.476,26.425,healthy,0.99577,0.19323,0
108,2026-09-22 09:00:00,H01,Humidity,52.577,51.992,healthy,1.00064,0.49398,0
110,2026-09-22 09:10:00,H02,Humidity,46.974,43.195,warning,1.07225,0.47152,0
32,2026-09-22 02:40:00,C01,CO2,783.619,772.719,healthy,1.00494,4.96764,0
7,2026-09-22 00:35:00,H02,Humidity,48.406,47.836,healthy,1.00014,0.44749,0
187,2026-09-22 15:35:00,T02,Temperature,31.328,26.107,unhealthy,1.19242,0.20164,0
93,2026-09-22 07:45:00,T01,Temperature,24.685,24.654,healthy,0.99327,0.19704,0
151,2026-09-22 12:35:00,H02,Humidity,64.495,53.014,unhealthy,1.20837,0.55553,0
54,2026-09-22 04:30:00,C01,CO2,622.615,616.321,healthy,1.00546,5.03323,0
51,2026-09-22 04:15:00,H02,Humidity,49.929,49.231,healthy,1.00775,0.50269,0
148,2026-09-22 12:20:00,T01,Temperature,24.804,24.559,healthy,1.00235,0.19869,0
153,2026-09-22 12:45:00,H02,Humidity,67.032,53.66,unhealthy,1.23598,0.51194,0
82,2026-09-22 06:50:00,H01,Humidity,56.833,56.566,healthy,0.99864,0.50797,0
2,2026-09-22 00:10:00,H01,Humidity,57.427,56.851,healthy,1.0035,0.50007,0
49,2026-09-22 04:05:00,T02,Temperature,23.355,23.354,healthy,0.99132,0.20852,0
140,2026-09-22 11:40:00,T02,Temperature,26.086,23.657,warning,1.09324,0.19434,0
168,2026-09-22 14:00:00,C01,CO2,725.124,717.82,healthy,1.00286,4.97371,0
0,2026-09-22 00:00:00,T02,Temperature,26.943,26.714,healthy,1.0025,0.19299,0
29,2026-09-22 02:25:00,C01,CO2,750.558,742.062,healthy,1.00744,4.83954,0
91,2026-09-22 07:35:00,T01,Temperature,24.541,24.319,healthy,1.00039,0.21166,0
132,2026-09-22 11:00:00,H02,Humidity,50.231,43.961,unhealthy,1.13186,0.41456,0
140,2026-09-22 11:40:00,H01,Humidity,42.528,42.403,healthy,0.99416,0.48321,0
91,2026-09-22 07:35:00,H02,Humidity,57.501,53.292,warning,1.06967,0.52278,0
184,2026-09-22 15:20:00,H01,Humidity,59.108,58.16,healthy,1.00605,0.48015,0
42,2026-09-22 03:30:00,H01,Humidity,41.821,41.261,healthy,1.0028,0.51411,0
9,2026-09-22 00:45:00,H02,Humidity,46.069,45.92,healthy,0.99461,0.47966,0
181,2026-09-22 15:05:00,C02,CO2,681.913,517.788,unhealthy,1.30457,5.77279,0
80,2026-09-22 06:40:00,T02,Temperature,27.599,24.981,warning,1.09636,0.20789,0
10,2026-09-22 00:50:00,H01,Humidity,53.524,53.233,healthy,0.9978,0.47937,0
97,2026-09-22 08:05:00,C02,CO2,789.919,728.089,warning,1.08083,4.65801,0
28,2026-09-22 02:20:00,C02,CO2,821.374,806.662,healthy,1.01195,5.00081,0
168,2026-09-22 14:00:00,H01,Humidity,54.09,53.517,healthy,1.00526,0.50049,0
70,2026-09-22 05:50:00,C01,CO2,523.589,519.365,healthy,1.00121,5.06377,0
94,2026-09-22 07:50:00,H02,Humidity,58.565,53.333,warning,1.0947,0.5544,0
146,2026-09-22 12:10:00,C02,CO2,1004.374,806.303,unhealthy,1.23896,5.22382,0
87,2026-09-22 07:15:00,H02,Humidity,59.747,55.061,warning,1.06951,0.49482,0
135,2026-09-22 11:15:00,T02,Temperature,26.145,24.264,warning,1.07063,0.19108,0
42,2026-09-22 03:30:00,H02,Humidity,47.903,47.051,healthy,1.00642,0.53457,0
114,2026-09-22 09:30:00,T02,Temperature,28.989,26.555,warning,1.08264,0.20479,0
182,2026-09-22 15:10:00,H02,Humidity,68.06,55.433,unhealthy,1.21617,0.52971,0
78,2026-09-22 06:30:00,C01,CO2,591.019,586.891,healthy,0.998,5.07899,0
143,2026-09-22 11:55:00,C02,CO2,1004.039,797.524,unhealthy,1.25031,4.92042,0
197,2026-09-22 16:25:00,C01,CO2,589.196,587.148,healthy,0.99668,4.99247,0
106,2026-09-22 08:50:00,H01,Humidity,53.905,53.184,healthy,1.00623,0.49967,0
39,2026-09-22 03:15:00,C02,CO2,699.323,696.298,healthy,0.99681,4.85725,0
133,2026-09-22 11:05:00,T01,Temperature,26.931,26.374,healthy,1.01331,0.19818,0
92,2026-09-22 07:40:00,T01,Temperature,24.748,24.478,healthy,1.00241,0.20582,0
34,2026-09-22 02:50:00,C01,CO2,798.49,793.442,healthy,1.00127,5.06852,0
192,2026-09-22 16:00:00,H01,Humidity,58.08,57.382,healthy,0.99927,0.5028,0
170,2026-09-22 14:10:00,C02,CO2,687.461,545.967,unhealthy,1.25247,5.19686,0
31,2026-09-22 02:35:00,C02,CO2,789.983,788.412,healthy,0.99667,4.8862,0
194,2026-09-22 16:10:00,T02,Temperature,32.366,26.629,unhealthy,1.20556,0.26831,0
134,2026-09-22 11:10:00,C02,CO2,838.9,662.007,unhealthy,1.26007,5.12143,0
175,2026-09-22 14:35:00,H01,Humidity,56.28,55.244,healthy,1.00807,0.49505,0
173,2026-09-22 14:25:00,H01,Humidity,56.698,55.797,healthy,1.00815,0.52338,0
78,2026-09-22 06:30:00,T02,Temperature,26.4,24.694,warning,1.06049,0.21573,1
135,2026-09-22 11:15:00,H02,Humidity,52.5,44.44,unhealthy,1.17452,0.43076,0
72,2026-09-22 06:00:00,C02,CO2,657.993,653.106,healthy,0.99902,5.09192,0
79,2026-09-22 06:35:00,T02,Temperature,27.313,24.572,warning,1.1052,0.17913,0
39,2026-09-22 03:15:00,H02,Humidity,46.715,45.882,healthy,1.00525,0.50981,0
137,2026-09-22 11:25:00,T02,Temperature,26.3,23.946,warning,1.09074,0.20602,0
27,2026-09-22 02:15:00,T02,Temperature,25.529,25.621,healthy,0.98913,0.18168,0
98,2026-09-22 08:10:00,H02,Humidity,54.194,50.011,warning,1.07556,0.51127,0
8,2026-09-22 00:40:00,T01,Temperature,26.296,26.055,healthy,1.00227,0.19756,0
85,2026-09-22 07:05:00,T01,Temperature,23.817,23.698,healthy,0.99852,0.19481,0
37,2026-09-22 03:05:00,C02,CO2,722.745,714.919,healthy,0.99973,5.21539,0
72,2026-09-22 06:00:00,C01,CO2,536.562,525.655,healthy,1.00327,5.32986,0
22,2026-09-22 01:50:00,C02,CO2,808.872,803.38,healthy,1.00399,4.76071,0
90,2026-09-22 07:30:00,C02,CO2,856.95,802.206,warning,1.06567,4.50779,0
96,2026-09-22 08:00:00,T01,Temperature,25.117,24.872,healthy,1.00154,0.20694,0
141,2026-09-22 11:45:00,T02,Temperature,25.935,23.54,warning,1.09345,0.19471,0
121,2026-09-22 10:05:00,T01,Temperature,27.304,27.069,healthy,1.00175,0.18802,0
156,2026-09-22 13:00:00,T01,Temperature,23.732,23.645,healthy,0.99426,0.20809,0
38,2026-09-22 03:10:00,C02,CO2,730.472,721.613,healthy,1.00316,4.98389,0
112,2026-09-22 09:20:00,C01,CO2,644.414,640.246,healthy,0.99737,5.08719,0
157,2026-09-22 13:05:00,C01,CO2,813.12,801.249,healthy,1.01034,4.87243,0
33,2026-09-22 02:45:00,H02,Humidity,41.895,41.678,healthy,0.99946,0.45975,0
70,2026-09-22 05:50:00,H01,Humidity,54.041,52.683,healthy,1.01475,0.51106,0
157,2026-09-22 13:05:00,H01,Humidity,47.362,47.562,healthy,0.99424,0.46225,0
123,2026-09-22 10:15:00,H02,Humidity,46.957,42.146,warning,1.10119,0.4844,0
93,2026-09-22 07:45:00,T02,Temperature,28.333,26.39,warning,1.06708,0.19072,0
172,2026-09-22 14:20:00,H02,Humidity,74.878,58.26,unhealthy,1.27721,0.4468,0
14,2026-09-22 01:10:00,H01,Humidity,51.625,51.423,healthy,0.99728,0.49844,0
34,2026-09-22 02:50:00,C02,CO2,766.878,762.897,healthy,1.00022,5.23743,0
12,2026-09-22 01:00:00,C02,CO2,660.129,656.556,healthy,0.99775,5.13389,0
164,2026-09-22 13:40:00,T01,Temperature,23.15,23.196,healthy,0.99004,0.20023,0
120,2026-09-22 10:00:00,T01,Temperature,26.955,26.842,healthy,0.9956,0.20908,0
96,2026-09-22 08:00:00,H02,Humidity,55.278,50.922,warning,1.07549,0.55145,0
82,2026-09-22 06:50:00,T02,Temperature,27.326,25.13,warning,1.07861,0.20074,0
164,2026-09-22 13:40:00,T02,Temperature,27.834,23.489,unhealthy,1.17628,0.20395,0
146,2026-09-22 12:10:00,H02,Humidity,60.983,50.091,unhealthy,1.20928,0.38463,0
110,2026-09-22 09:10:00,T02,Temperature,29.711,27.024,warning,1.09162,0.19785,0
110,2026-09-22 09:10:00,H01,Humidity,53.178,52.047,healthy,1.01325,0.50833,0
179,2026-09-22 14:55:00,T01,Temperature,23.861,23.552,healthy,1.00434,0.21657,0
9,2026-09-22 00:45:00,C01,CO2,497.719,498.87,healthy,0.99254,5.11078,0
20,2026-09-22 01:40:00,C01,CO2,629.774,627.867,healthy,0.9949,4.98886,0
69,2026-09-22 05:45:00,T01,Temperature,23.444,22.902,healthy,1.01373,0.18553,0
183,2026-09-22 15:15:00,H02,Humidity,68.483,55.849,unhealthy,1.21604,0.47426,0
123,2026-09-22 10:15:00,H01,Humidity,45.697,45.037,healthy,1.00262,0.52531,0
126,2026-09-22 10:30:00,C02,CO2,578.584,543.368,warning,1.0586,4.94609,0
167,2026-09-22 13:55:00,C01,CO2,757.204,742.024,healthy,1.01128,4.9567,0
4,2026-09-22 00:20:00,C01,CO2,502.007,501.95,healthy,0.9933,5.00022,0
15,2026-09-22 01:15:00,C01,CO2,548.052,545.107,healthy,0.9982,4.90271,0
123,2026-09-22 10:15:00,T01,Temperature,26.85,26.641,healthy,0.99964,0.19256,0
63,2026-09-22 05:15:00,C01,CO2,522.001,518.716,healthy,0.99386,5.05855,0
58,2026-09-22 04:50:00,T01,Temperature,23.762,23.556,healthy,1.00067,0.20335,0
115,2026-09-22 09:35:00,C02,CO2,533.971,495.496,warning,1.06626,4.89488,0
163,2026-09-22 13:35:00,T02,Temperature,27.478,23.379,unhealthy,1.16679,0.2036,0
183,2026-09-22 15:15:00,C02,CO2,686.758,537.448,unhealthy,1.27074,4.46359,0
65,2026-09-22 05:25:00,T02,Temperature,23.576,23.282,healthy,1.00188,0.19507,0
33,2026-09-22 02:45:00,C01,CO2,782.373,779.344,healthy,0.99762,4.81689,0
52,2026-09-22 04:20:00,C02,CO2,515.224,515.319,healthy,0.98958,4.98679,0
48,2026-09-22 04:00:00,T02,Temperature,23.839,23.666,healthy,0.99927,0.18857,0
180,2026-09-22 15:00:00,T02,Temperature,28.874,25.338,unhealthy,1.13196,0.22161,0
4,2026-09-22 00:20:00,H02,Humidity,50.553,49.848,healthy,1.00058,0.50843,0
162,2026-09-22 13:30:00,C01,CO2,797.772,790.406,healthy,1.00476,5.32581,0
48,2026-09-22 04:00:00,C02,CO2,583.321,580.588,healthy,0.99723,5.04281,0
19,2026-09-22 01:35:00,C02,CO2,760.163,750.022,healthy,1.00956,4.95171,0
147,2026-09-22 12:15:00,T01,Temperature,25.068,24.701,healthy,1.00571,0.21512,0
51,2026-09-22 04:15:00,T02,Temperature,23.434,23.116,healthy,1.00567,0.20428,0
113,2026-09-22 09:25:00,C01,CO2,620.422,612.163,healthy,1.00226,5.00952,0
145,2026-09-22 12:05:00,C02,CO2,989.333,807.472,unhealthy,1.2197,4.89319,0
12,2026-09-22 01:00:00,T02,Temperature,27.541,27.18,healthy,1.00644,0.20493,0
40,2026-09-22 03:20:00,H01,Humidity,42.772,41.856,healthy,1.00789,0.48574,0
27,2026-09-22 02:15:00,C02,CO2,799.402,793.052,healthy,1.00005,5.0622,0
164,2026-09-22 13:40:00,H01,Humidity,52.494,52.118,healthy,0.99858,0.50202,0
130,2026-09-22 10:50:00,T02,Temperature,26.497,24.483,warning,1.07514,0.1907,0
32,2026-09-22 02:40:00,H01,Humidity,43.54,43.451,healthy,0.9949,0.50427,0
76,2026-09-22 06:20:00,T02,Temperature,24.672,24.319,healthy,1.00728,0.1913,0
68,2026-09-22 05:40:00,C02,CO2,585.067,583.084,healthy,0.99134,4.67544,0
60,2026-09-22 05:00:00,C02,CO2,501.636,502.374,healthy,0.99163,4.92993,0
138,2026-09-22 11:30:00,C01,CO2,606.708,601.69,healthy,0.9967,4.88524,0
176,2026-09-22 14:40:00,C01,CO2,584.335,585.638,healthy,0.99121,5.06302,0
101,2026-09-22 08:25:00,C01,CO2,785.053,778.676,healthy,1.00144,5.19048,0
48,2026-09-22 04:00:00,H01,Humidity,44.102,43.34,healthy,1.00358,0.50481,0
185,2026-09-22 15:25:00,T02,Temperature,31.755,26.164,unhealthy,1.20522,0.24249,0
191,2026-09-22 15:55:00,C01,CO2,513.857,516.118,healthy,0.99068,5.24588,0
124,2026-09-22 10:20:00,H01,Humidity,44.715,44.256,healthy,1.00034,0.49401,0
103,2026-09-22 08:35:00,T02,Temperature,29.284,27.15,warning,1.07039,0.20349,0
87,2026-09-22 07:15:00,H01,Humidity,57.69,57.806,healthy,0.98993,0.50235,0
30,2026-09-22 02:30:00,C02,CO2,802.232,794.919,healthy,1.00367,4.94157,0
116,2026-09-22 09:40:00,C02,CO2,564.533,506.579,warning,1.108,4.79639,0
67,2026-09-22 05:35:00,T01,Temperature,23.397,23.186,healthy,1.00015,0.20958,0
19,2026-09-22 01:35:00,T01,Temperature,27.083,26.825,healthy,1.00234,0.19491,0
77,2026-09-22 06:25:00,C01,CO2,583.821,576.076,healthy,1.00482,4.98031,0
124,2026-09-22 10:20:00,T02,Temperature,27.357,25.669,warning,1.05948,0.17444,0
60,2026-09-22 05:00:00,T02,Temperature,23.433,22.898,healthy,1.01478,0.18845,0
130,2026-09-22 10:50:00,T01,Temperature,26.826,26.548,healthy,1.0033,0.19165,0
9,2026-09-22 00:45:00,H01,Humidity,53.954,53.408,healthy,1.0019,0.49185,0
0,2026-09-22 00:00:00,H01,Humidity,58.238,57.35,healthy,1.01033,0.49314,0
193,2026-09-22 16:05:00,C02,CO2,856.94,665.782,unhealthy,1.28104,4.18379,0
54,2026-09-22 04:30:00,T01,Temperature,24.222,24.042,healthy,1.0001,0.20453,0
131,2026-09-22 10:55:00,C01,CO2,510.159,501.681,healthy,1.00299,4.8313,0
161,2026-09-22 13:25:00,C02,CO2,875.603,677.88,unhealthy,1.2877,4.16008,0
150,2026-09-22 12:30:00,T01,Temperature,24.436,24.336,healthy,0.99757,0.19619,0
181,2026-09-22 15:05:00,C01,CO2,506.15,506.826,healthy,0.99505,4.95754,0
72,2026-09-22 06:00:00,H02,Humidity,62.111,57.986,warning,1.06293,0.53631,0
4,2026-09-22 00:20:00,C02,CO2,537.154,535.433,healthy,0.99514,4.78334,0
190,2026-09-22 15:50:00,C01,CO2,520.989,519.445,healthy,0.99692,4.80722,0
106,2026-09-22 08:50:00,T01,Temperature,26.632,26.527,healthy,0.99637,0.21109,0
143,2026-09-22 11:55:00,H02,Humidity,59.462,48.607,unhealthy,1.2088,0.6303,0
103,2026-09-22 08:35:00,C02,CO2,680.882,638.483,warning,1.05752,4.28215,0
13,2026-09-22 01:05:00,C02,CO2,661.673,654.738,healthy,1.00228,5.06021,0
149,2026-09-22 12:25:00,H02,Humidity,60.863,51.759,unhealthy,1.16428,0.5028,0
155,2026-09-22 12:55:00,H02,Humidity,65.351,54.134,unhealthy,1.20214,0.47219,0
24,2026-09-22 02:00:00,T01,Temperature,26.963,26.834,healthy,0.99703,0.19121,0
11,2026-09-22 00:55:00,C01,CO2,523.087,523.451,healthy,0.98855,4.85253,0
61,2026-09-22 05:05:00,H02,Humidity,55.318,54.953,healthy,0.99843,0.49832,0
38,2026-09-22 03:10:00,C01,CO2,806.304,793.141,healthy,1.0065,5.0986,0
133,2026-09-22 11:05:00,H01,Humidity,42.534,42.081,healthy,0.99944,0.51387,0
78,2026-09-22 06:30:00,C02,CO2,789.719,743.857,warning,1.05759,5.1859,0
82,2026-09-22 06:50:00,T01,Temperature,23.661,23.461,healthy,0.99946,0.21353,0
55,2026-09-22 04:35:00,T02,Temperature,22.986,22.723,healthy,1.00334,0.19287,0
134,2026-09-22 11:10:00,C01,CO2,537.327,538.666,healthy,0.9904,4.91918,0
69,2026-09-22 05:45:00,C01,CO2,519.636,518.631,healthy,0.99346,5.01403,0
102,2026-09-22 08:30:00,C02,CO2,698.047,650.759,warning,1.06594,5.59677,0
92,2026-09-22 07:40:00,C01,CO2,792.656,780.04,healthy,1.00658,5.0324,0
73,2026-09-22 06:05:00,C01,CO2,538.142,540.689,healthy,0.98823,4.95832,0
13,2026-09-22 01:05:00,H02,Humidity,45.024,44.266,healthy,1.00034,0.48806,0
179,2026-09-22 14:55:00,T02,Temperature,30.913,25.2,unhealthy,1.22032,0.1803,0
76,2026-09-22 06:20:00,T01,Temperature,23.33,23.095,healthy,1.00206,0.19576,0
188,2026-09-22 15:40:00,T02,Temperature,32.855,26.286,unhealthy,1.24328,0.18965,0
136,2026-09-22 11:20:00,C01,CO2,563.569,560.316,healthy,0.99457,5.23927,0
6,2026-09-22 00:30:00,H01,Humidity,56.554,55.874,healthy,1.00694,0.50973,0
91,2026-09-22 07:35:00,T02,Temperature,28.323,26.112,warning,1.07654,0.21684,0
194,2026-09-22 16:10:00,H02,Humidity,65.801,50.498,unhealthy,1.29278,0.56399,0
115,2026-09-22 09:35:00,H02,Humidity,47.302,42.916,warning,1.09163,0.49412,0
110,2026-09-22 09:10:00,T01,Temperature,26.595,26.6,healthy,0.99316,0.20198,0
24,2026-09-22 02:00:00,H02,Humidity,43.134,42.801,healthy,0.99969,0.50062,0
91,2026-09-22 07:35:00,C02,CO2,849.221,788.172,warning,1.07288,4.8704,0
53,2026-09-22 04:25:00,C02,CO2,509.828,512.142,healthy,0.9874,4.88422,0
46,2026-09-22 03:50:00,T02,Temperature,23.761,23.559,healthy,0.99926,0.20457,0
145,2026-09-22 12:05:00,T01,Temperature,24.931,24.535,healthy,1.00732,0.19559,0
110,2026-09-22 09:10:00,C02,CO2,581.136,547.483,warning,1.04769,4.96841,0
128,2026-09-22 10:40:00,T01,Temperature,26.978,26.749,healthy,1.00124,0.20431,0
93,2026-09-22 07:45:00,C02,CO2,851.97,784.739,warning,1.07823,5.39501,0
22,2026-09-22 01:50:00,H02,Humidity,42.659,42.465,healthy,0.99295,0.49684,0
174,2026-09-22 14:30:00,C02,CO2,678.995,505.796,unhealthy,1.33082,4.38987,0
60,2026-09-22 05:00:00,H01,Humidity,47.0,46.265,healthy,1.00476,0.49251,0
86,2026-09-22 07:10:00,H01,Humidity,58.554,58.423,healthy,0.99583,0.48398,0
132,2026-09-22 11:00:00,C02,CO2,777.963,636.616,unhealthy,1.21465,4.44855,0
90,2026-09-22 07:30:00,T01,Temperature,24.676,24.482,healthy,0.99915,0.20237,0
5,2026-09-22 00:25:00,T02,Temperature,27.055,26.751,healthy,1.00466,0.18703,0
92,2026-09-22 07:40:00,H01,Humidity,57.704,57.289,healthy,0.9999,0.47577,0
170,2026-09-22 14:10:00,T01,Temperature,23.215,23.184,healthy,0.99294,0.19125,0
140,2026-09-22 11:40:00,C02,CO2,958.779,754.199,unhealthy,1.2652,4.58579,0
144,2026-09-22 12:00:00,H02,Humidity,58.762,48.618,unhealthy,1.19515,0.49458,0
56,2026-09-22 04:40:00,T01,Temperature,23.738,23.674,healthy,0.99502,0.20565,0
4,2026-09-22 00:20:00,H01,Humidity,57.797,56.771,healthy,1.00833,0.48725,0
41,2026-09-22 03:25:00,T02,Temperature,23.932,23.893,healthy,0.99365,0.20272,0
199,2026-09-22 16:35:00,H01,Humidity,55.325,55.186,healthy,0.99868,0.51339,0
146,2026-09-22 12:10:00,T02,Temperature,25.181,23.172,warning,1.07956,0.19831,0
97,2026-09-22 08:05:00,T01,Temperature,25.099,25.005,healthy,0.99655,0.19161,0
26,2026-09-22 02:10:00,C01,CO2,716.95,711.155,healthy,0.9978,5.07253,0
116,2026-09-22 09:40:00,T01,Temperature,27.671,27.281,healthy,1.00645,0.1929,0
1,2026-09-22 00:05:00,T02,Temperature,26.929,26.566,healthy,1.00699,0.19464,0
125,2026-09-22 10:25:00,T02,Temperature,26.978,25.365,warning,1.0561,0.1983,0
79,2026-09-22 06:35:00,H01,Humidity,56.153,55.851,healthy,0.99083,0.48635,0
123,2026-09-22 10:15:00,T02,Temperature,27.707,25.594,warning,1.07451,0.19988,0
193,2026-09-22 16:05:00,T01,Temperature,25.712,25.272,healthy,1.00927,0.20757,0
130,2026-09-22 10:50:00,C02,CO2,765.202,615.962,unhealthy,1.23388,5.75658,1
43,2026-09-22 03:35:00,H01,Humidity,42.299,42.039,healthy,0.9968,0.50558,0
125,2026-09-22 10:25:00,H02,Humidity,45.534,41.916,warning,1.07842,0.49592,0
40,2026-09-22 03:20:00,H02,Humidity,45.444,44.962,healthy,1.00229,0.47165,0
54,2026-09-22 04:30:00,H01,Humidity,45.916,45.113,healthy,1.00426,0.51559,0
128,2026-09-22 10:40:00,H01,Humidity,43.492,42.929,healthy,0.99826,0.52205,0
1,2026-09-22 00:05:00,T01,Temperature,25.622,25.261,healthy,1.00596,0.21069,0
150,2026-09-22 12:30:00,H01,Humidity,44.747,44.593,healthy,0.99437,0.51023,0
66,2026-09-22 05:30:00,C01,CO2,503.612,500.569,healthy,0.99738,5.06791,0
98,2026-09-22 08:10:00,T01,Temperature,25.297,25.184,healthy,0.99741,0.19902,0
68,2026-09-22 05:40:00,T01,Temperature,23.435,22.966,healthy,1.01318,0.18998,0
24,2026-09-22 02:00:00,H01,Humidity,46.836,46.57,healthy,0.9989,0.47583,0
96,2026-09-22 08:00:00,T02,Temperature,29.05,27.088,warning,1.06639,0.17624,0
137,2026-09-22 11:25:00,H02,Humidity,54.511,44.825,unhealthy,1.20638,0.4586,0
124,2026-09-22 10:20:00,C02,CO2,575.853,540.634,warning,1.0554,4.39027,0
102,2026-09-22 08:30:00,C01,CO2,792.82,778.663,healthy,1.0125,4.88566,0
1,2026-09-22 00:05:00,H02,Humidity,50.771,50.546,healthy,0.99512,0.49175,0
199,2026-09-22 16:35:00,C01,CO2,614.524,612.617,healthy,0.99489,4.88697,0
195,2026-09-22 16:15:00,T02,Temperature,32.471,26.757,unhealthy,1.20506,0.21751,0
26,2026-09-22 02:10:00,H01,Humidity,46.34,45.676,healthy,0.99751,0.49318,0
79,2026-09-22 06:35:00,C02,CO2,792.622,731.589,warning,1.07554,4.96735,0
52,2026-09-22 04:20:00,T02,Temperature,23.059,22.988,healthy,0.99524,0.18935,0
38,2026-09-22 03:10:00,T02,Temperature,24.376,24.349,healthy,0.99196,0.20386,0
44,2026-09-22 03:40:00,C01,CO2,769.424,761.717,healthy,1.00361,4.98392,0
45,2026-09-22 03:45:00,C01,CO2,750.975,743.796,healthy,1.00031,4.95288,0
154,2026-09-22 12:50:00,H01,Humidity,46.889,46.732,healthy,0.99335,0.50382,0
145,2026-09-22 12:05:00,H01,Humidity,42.969,42.75,healthy,0.99289,0.51572,0
50,2026-09-22 04:10:00,T02,Temperature,23.309,23.201,healthy,0.99682,0.18923,0
139,2026-09-22 11:35:00,H02,Humidity,57.929,46.799,unhealthy,1.22139,0.60158,0
164,2026-09-22 13:40:00,C01,CO2,767.797,761.767,healthy,1.0019,5.0412,0
198,2026-09-22 16:30:00,T01,Temperature,26.126,25.92,healthy,1.0012,0.19587,0
97,2026-09-22 08:05:00,C01,CO2,811.668,796.202,healthy,1.01337,4.85363,0
49,2026-09-22 04:05:00,C02,CO2,552.745,553.095,healthy,0.99016,4.89175,0
189,2026-09-22 15:45:00,C01,CO2,495.127,495.873,healthy,0.99013,5.0119,0
40,2026-09-22 03:20:00,C02,CO2,693.67,691.776,healthy,0.99812,5.15543,0
43,2026-09-22 03:35:00,T02,Temperature,23.57,23.67,healthy,0.98829,0.1855,0
66,2026-09-22 05:30:00,T01,Temperature,23.447,23.226,healthy,1.00119,0.1854,0
144,2026-09-22 12:00:00,C02,CO2,1005.699,797.067,unhealthy,1.25176,4.65858,0
133,2026-09-22 11:05:00,C01,CO2,521.59,521.225,healthy,0.99179,4.86593,0
159,2026-09-22 13:15:00,T02,Temperature,28.64,23.352,unhealthy,1.218,0.17758,0
95,2026-09-22 07:55:00,T01,Temperature,24.864,24.792,healthy,0.99509,0.18789,0
166,2026-09-22 13:50:00,C02,CO2,743.692,600.058,unhealthy,1.23348,4.74054,0
178,2026-09-22 14:50:00,C02,CO2,659.923,506.475,unhealthy,1.29341,5.34685,0
121,2026-09-22 10:05:00,H01,Humidity,46.581,45.954,healthy,0.99961,0.49856,0
174,2026-09-22 14:30:00,C01,CO2,614.985,609.641,healthy,0.99905,5.19407,0
65,2026-09-22 05:25:00,H02,Humidity,57.324,56.858,healthy,0.99742,0.48015,0
161,2026-09-22 13:25:00,T02,Temperature,26.972,23.267,unhealthy,1.15054,0.20143,0
84,2026-09-22 07:00:00,H01,Humidity,56.783,56.613,healthy,0.99535,0.51562,0
111,2026-09-22 09:15:00,T02,Temperature,29.303,26.849,warning,1.08364,0.19625,0
42,2026-09-22 03:30:00,C01,CO2,767.667,765.686,healthy,0.99688,4.95047,0
13,2026-09-22 01:05:00,H01,Humidity,52.966,52.467,healthy,0.99846,0.5268,0
31,2026-09-22 02:35:00,T01,Temperature,27.222,26.97,healthy,1.00169,0.20368,0
165,2026-09-22 13:45:00,H02,Humidity,68.956,57.286,unhealthy,1.18991,0.582,0
58,2026-09-22 04:50:00,H01,Humidity,46.939,46.09,healthy,1.0091,0.50581,0
139,2026-09-22 11:35:00,T02,Temperature,26.17,23.739,warning,1.09587,0.18179,0
86,2026-09-22 07:10:00,T02,Temperature,28.373,25.723,warning,1.0931,0.24045,0
186,2026-09-22 15:30:00,C02,CO2,727.332,565.661,unhealthy,1.27946,4.1446,0
149,2026-09-22 12:25:00,C01,CO2,761.995,754.161,healthy,1.00304,4.97971,0
139,2026-09-22 11:35:00,T01,Temperature,25.984,25.626,healthy,1.00638,0.1997,0
48,2026-09-22 04:00:00,C01,CO2,725.36,717.002,healthy,1.00398,5.02464,0
25,2026-09-22 02:05:00,C02,CO2,810.293,802.122,healthy,1.00371,4.77194,0
100,2026-09-22 08:20:00,C01,CO2,802.559,796.18,healthy,1.00261,4.90391,0
131,2026-09-22 10:55:00,H02,Humidity,49.881,43.175,unhealthy,1.15234,0.48604,0
64,2026-09-22 05:20:00,T02,Temperature,23.409,23.133,healthy,1.00397,0.1937,0
74,2026-09-22 06:10:00,T02,Temperature,24.427,24.104,healthy,1.00378,0.19836,0
44,2026-09-22 03:40:00,H01,Humidity,42.02,41.251,healthy,1.00495,0.51251,0
39,2026-09-22 03:15:00,T01,Temperature,26.431,26.366,healthy,0.99505,0.19997,0
21,2026-09-22 01:45:00,T01,Temperature,27.407,27.011,healthy,1.00677,0.20276,0
105,2026-09-22 08:45:00,H02,Humidity,50.027,46.524,warning,1.0641,0.423,0
117,2026-09-22 09:45:00,H01,Humidity,49.235,48.332,healthy,1.01016,0.47961,0
154,2026-09-22 12:50:00,T02,Temperature,27.852,22.912,unhealthy,1.20835,0.21223,0
97,2026-09-22 08:05:00,T02,Temperature,28.533,26.692,warning,1.06101,0.20179,0
76,2026-09-22 06:20:00,C02,CO2,756.111,708.888,warning,1.0645,4.58373,0
39,2026-09-22 03:15:00,C01,CO2,814.505,801.063,healthy,1.01085,4.97352,0
124,2026-09-22 10:20:00,C01,CO2,507.58,502.616,healthy,0.99399,5.05618,0
122,2026-09-22 10:10:00,T01,Temperature,27.432,27.12,healthy,1.00424,0.19611,0
17,2026-09-22 01:25:00,H01,Humidity,51.181,50.721,healthy,0.99534,0.48447,0
166,2026-09-22 13:50:00,C01,CO2,740.817,733.538,healthy,1.00036,4.79153,0
157,2026-09-22 13:05:00,T01,Temperature,23.662,23.545,healthy,0.99611,0.20725,0
63,2026-09-22 05:15:00,C02,CO2,511.729,513.23,healthy,0.99161,5.13179,0
189,2026-09-22 15:45:00,T01,Temperature,24.796,24.604,healthy,0.99883,0.19982,0
189,2026-09-22 15:45:00,H01,Humidity,56.9,56.495,healthy,0.99981,0.50659,0
160,2026-09-22 13:20:00,H02,Humidity,67.288,56.207,unhealthy,1.19145,0.49679,0
62,2026-09-22 05:10:00,C02,CO2,509.6,508.231,healthy,0.98992,5.12228,0
42,2026-09-22 03:30:00,T02,Temperature,23.777,23.649,healthy,0.99647,0.19682,0
84,2026-09-22 07:00:00,C01,CO2,701.149,687.232,healthy,1.01023,5.00506,0
20,2026-09-22 01:40:00,H02,Humidity,44.124,43.611,healthy,0.99781,0.47187,0
50,2026-09-22 04:10:00,H02,Humidity,52.261,51.818,healthy,0.99994,0.48626,0
103,2026-09-22 08:35:00,H01,Humidity,54.042,53.836,healthy,0.99514,0.50124,0
122,2026-09-22 10:10:00,C01,CO2,509.142,506.294,healthy,0.9972,4.99971,0
159,2026-09-22 13:15:00,T01,Temperature,23.351,23.364,healthy,0.99056,0.20227,0
82,2026-09-22 06:50:00,C01,CO2,665.341,658.724,healthy,1.00186,5.16635,0
137,2026-09-22 11:25:00,H01,Humidity,42.983,42.837,healthy,0.99162,0.50362,0
40,2026-09-22 03:20:00,T02,Temperature,24.084,24.142,healthy,0.99055,0.19171,0
13,2026-09-22 01:05:00,T01,Temperature,26.605,26.383,healthy,1.0016,0.20432,0
75,2026-09-22 06:15:00,H01,Humidity,55.893,55.049,healthy,1.00475,0.50053,0
136,2026-09-22 11:20:00,C02,CO2,911.854,714.472,unhealthy,1.26883,5.5182,0
128,2026-09-22 10:40:00,C01,CO2,493.833,489.611,healthy,0.99906,4.725,0
195,2026-09-22 16:15:00,H02,Humidity,63.519,49.088,unhealthy,1.29143,0.47488,0
155,2026-09-22 12:55:00,T02,Temperature,27.631,22.868,unhealthy,1.19823,0.21385,0
58,2026-09-22 04:50:00,C02,CO2,497.97,496.594,healthy,0.99359,5.08398,0
134,2026-09-22 11:10:00,T02,Temperature,26.302,24.234,warning,1.07922,0.18263,0
88,2026-09-22 07:20:00,H02,Humidity,59.811,55.505,warning,1.06956,0.46673,0
184,2026-09-22 15:20:00,T01,Temperature,24.141,23.796,healthy,1.0053,0.21964,0
23,2026-09-22 01:55:00,C01,CO2,686.947,682.327,healthy,0.99844,5.05959,0
120,2026-09-22 10:00:00,C02,CO2,546.664,497.861,warning,1.0854,5.18434,0
1,2026-09-22 00:05:00,C02,CO2,513.569,516.279,healthy,0.98989,4.96644,0
187,2026-09-22 15:35:00,T01,Temperature,24.469,24.285,healthy,0.99923,0.20931,0
141,2026-09-22 11:45:00,C01,CO2,647.271,643.585,healthy,1.00032,4.99578,0
84,2026-09-22 07:00:00,T02,Temperature,28.042,25.421,warning,1.09715,0.19024,0
99,2026-09-22 08:15:00,C01,CO2,803.112,789.872,healthy,1.01005,4.95998,0
165,2026-09-22 13:45:00,T01,Temperature,23.153,23.188,healthy,0.99005,0.1945,0
147,2026-09-22 12:15:00,T02,Temperature,24.827,23.158,warning,1.06465,0.18608,0
98,2026-09-22 08:10:00,T02,Temperature,28.77,26.993,warning,1.05816,0.19911,0
135,2026-09-22 11:15:00,H01,Humidity,43.497,42.84,healthy,1.00209,0.49372,0
29,2026-09-22 02:25:00,T02,Temperature,25.4,25.384,healthy,0.9921,0.19443,0
41,2026-09-22 03:25:00,T01,Temperature,25.909,25.78,healthy,0.99677,0.20658,0
68,2026-09-22 05:40:00,C01,CO2,515.02,512.171,healthy,0.99306,4.85299,0
148,2026-09-22 12:20:00,H02,Humidity,63.582,51.85,unhealthy,1.21855,0.44927,0
154,2026-09-22 12:50:00,C02,CO2,970.689,751.728,unhealthy,1.28655,5.06534,0
46,2026-09-22 03:50:00,H01,Humidity,43.668,42.831,healthy,1.00597,0.49959,0
149,2026-09-22 12:25:00,T02,Temperature,25.313,23.107,warning,1.08621,0.19323,0
45,2026-09-22 03:45:00,T01,Temperature,25.628,25.433,healthy,1.00018,0.18896,0
159,2026-09-22 13:15:00,C02,CO2,909.035,715.934,unhealthy,1.2611,5.1204,0
177,2026-09-22 14:45:00,C02,CO2,642.442,494.636,unhealthy,1.28379,5.18674,0
108,2026-09-22 09:00:00,T01,Temperature,26.641,26.492,healthy,0.99804,0.18298,0
29,2026-09-22 02:25:00,T01,Temperature,27.17,27.02,healthy,0.99797,0.1994,0
181,2026-09-22 15:05:00,T01,Temperature,24.097,23.751,healthy,1.00561,0.20149,0
21,2026-09-22 01:45:00,H02,Humidity,42.884,42.729,healthy,0.99629,0.51141,0
34,2026-09-22 02:50:00,H02,Humidity,43.955,43.161,healthy,1.00522,0.49057,0
104,2026-09-22 08:40:00,T01,Temperature,25.692,25.845,healthy,0.98738,0.20394,0
60,2026-09-22 05:00:00,T01,Temperature,23.805,23.782,healthy,0.99193,0.19764,0
58,2026-09-22 04:50:00,H02,Humidity,54.752,54.129,healthy,1.00145,0.5076,0
107,2026-09-22 08:55:00,C02,CO2,612.9,568.812,warning,1.06305,5.31654,0
90,2026-09-22 07:30:00,H01,Humidity,58.096,58.144,healthy,0.98843,0.52332,0
115,2026-09-22 09:35:00,T02,Temperature,29.057,26.73,warning,1.08057,0.18625,0
181,2026-09-22 15:05:00,T02,Temperature,31.107,25.602,unhealthy,1.20813,0.18554,0
22,2026-09-22 01:50:00,H01,Humidity,47.799,47.165,healthy,0.99714,0.50309,0
163,2026-09-22 13:35:00,C02,CO2,822.307,641.511,unhealthy,1.27376,5.00546,0
45,2026-09-22 03:45:00,H01,Humidity,43.559,42.692,healthy,1.00352,0.49221,0
63,2026-09-22 05:15:00,H02,Humidity,57.075,56.358,healthy,1.00436,0.50092,0
24,2026-09-22 02:00:00,C02,CO2,794.434,787.268,healthy,1.00344,5.13613,0
179,2026-09-22 14:55:00,H02,Humidity,71.161,57.206,unhealthy,1.23075,0.47642,0
26,2026-09-22 02:10:00,H02,Humidity,42.495,41.953,healthy,1.00159,0.50398,0
112,2026-09-22 09:20:00,C02,CO2,547.912,511.824,warning,1.06483,4.97539,0
101,2026-09-22 08:25:00,C02,CO2,724.982,673.178,warning,1.06764,5.20655,0
68,2026-09-22 05:40:00,T02,Temperature,23.786,23.375,healthy,1.00914,0.20016,0
129,2026-09-22 10:45:00,C01,CO2,504.152,501.514,healthy,0.99376,5.01824,0
147,2026-09-22 12:15:00,C02,CO2,998.145,804.409,unhealthy,1.23654,5.20567,0
119,2026-09-22 09:55:00,C02,CO2,549.024,506.007,warning,1.07264,5.23064,0
11,2026-09-22 00:55:00,T01,Temperature,26.922,26.403,healthy,1.01213,0.20111,0
114,2026-09-22 09:30:00,T01,Temperature,26.942,26.789,healthy,0.99744,0.19464,0
43,2026-09-22 03:35:00,C01,CO2,763.501,758.992,healthy,1.00183,5.18918,0
152,2026-09-22 12:40:00,T02,Temperature,24.986,22.979,warning,1.07941,0.19136,0
188,2026-09-22 15:40:00,C02,CO2,744.642,571.335,unhealthy,1.29361,4.72517,0
173,2026-09-22 14:25:00,H02,Humidity,72.298,57.977,unhealthy,1.24129,0.53174,0
90,2026-09-22 07:30:00,H02,Humidity,58.621,54.374,warning,1.06836,0.49248,0
190,2026-09-22 15:50:00,H02,Humidity,66.083,52.287,unhealthy,1.25742,0.3885,0
131,2026-09-22 10:55:00,H01,Humidity,42.826,42.423,healthy,0.99921,0.51846,0
67,2026-09-22 05:35:00,C01,CO2,508.771,510.743,healthy,0.98802,4.8476,0
169,2026-09-22 14:05:00,T01,Temperature,23.087,23.068,healthy,0.99193,0.18952,0
39,2026-09-22 03:15:00,T02,Temperature,24.389,24.427,healthy,0.98977,0.20237,0
73,2026-09-22 06:05:00,T01,Temperature,23.389,22.941,healthy,1.01068,0.18477,0
86,2026-09-22 07:10:00,C02,CO2,861.738,797.546,warning,1.07558,4.90484,0
161,2026-09-22 13:25:00,H02,Humidity,69.041,56.453,unhealthy,1.2092,0.49998,0
140,2026-09-22 11:40:00,H02,Humidity,56.735,46.214,unhealthy,1.20749,0.49869,0
150,2026-09-22 12:30:00,H02,Humidity,62.688,51.937,unhealthy,1.19703,0.50382,0
141,2026-09-22 11:45:00,H02,Humidity,58.786,47.916,unhealthy,1.21961,0.50079,0
30,2026-09-22 02:30:00,C01,CO2,762.264,759.559,healthy,0.99879,5.12695,0
47,2026-09-22 03:55:00,T01,Temperature,25.268,25.413,healthy,0.98673,0.2085,0
162,2026-09-22 13:30:00,H02,Humidity,66.417,56.087,unhealthy,1.17636,0.48399,0
191,2026-09-22 15:55:00,H01,Humidity,56.836,56.714,healthy,0.99479,0.52509,0
7,2026-09-22 00:35:00,C01,CO2,503.362,501.28,healthy,0.99355,5.11726,0
83,2026-09-22 06:55:00,C02,CO2,858.778,793.965,warning,1.07594,5.09303,0
105,2026-09-22 08:45:00,H01,Humidity,56.186,55.695,healthy,0.9981,0.52851,0
44,2026-09-22 03:40:00,C02,CO2,639.293,636.808,healthy,0.9958,4.85119,0
52,2026-09-22 04:20:00,H02,Humidity,52.426,51.971,healthy,1.00557,0.51754,0
192,2026-09-22 16:00:00,T01,Temperature,25.056,24.868,healthy,0.99998,0.20587,0
44,2026-09-22 03:40:00,T02,Temperature,23.711,23.555,healthy,0.99799,0.20564,0
59,2026-09-22 04:55:00,T01,Temperature,23.924,23.832,healthy,0.99467,0.20943,0
176,2026-09-22 14:40:00,T01,Temperature,23.522,23.317,healthy,0.99941,0.20593,0
49,2026-09-22 04:05:00,H01,Humidity,44.491,43.756,healthy,1.00488,0.52189,0
55,2026-09-22 04:35:00,T01,Temperature,24.18,24.002,healthy,0.99917,0.2039,0
119,2026-09-22 09:55:00,C01,CO2,541.935,540.896,healthy,0.99887,5.15425,0
92,2026-09-22 07:40:00,C02,CO2,854.564,775.15,warning,1.09444,5.06748,0
192,2026-09-22 16:00:00,C02,CO2,857.04,649.918,unhealthy,1.31292,5.49586,0
59,2026-09-22 04:55:00,C02,CO2,499.256,499.417,healthy,0.99548,5.04735,0
41,2026-09-22 03:25:00,H02,Humidity,46.116,45.592,healthy,0.9974,0.53949,0
